state,year,prevalence
Alabama,1928,0.003414387
Alabama,1929,0.001129764
Alabama,1930,0.001570526
Alabama,1931,0.003345043
Alabama,1932,0.000100259
Alabama,1933,0.000639456
Alabama,1934,0.005801563
Alabama,1935,0.002623989
Alabama,1936,0.000206085
Alabama,1937,0.000222854
Alabama,1938,0.004946072
Alabama,1939,0.001826876
Alabama,1940,0.001157799
Alabama,1941,0.003027282
Alabama,1942,0.001292279
Alabama,1943,0.001312394
Alabama,1944,0.002429696
Alabama,1945,0.000258192
Alabama,1946,0.001245461
Alabama,1947,0.00125339
Alabama,1948,0.00068083
Alabama,1949,0.003643513
Alabama,1950,0.000508207
Alabama,1951,0.001023331
Alabama,1952,0.003471919
Alabama,1953,0.000915728
Alabama,1954,0.002678173
Alabama,1955,0.000668846
Alabama,1956,0.002225664
Alabama,1957,0.002897015
Alabama,1958,0.002368955
Alabama,1959,0.001066186
Alabama,1960,0.00063519
Alabama,1961,0.00078901
Alabama,1962,0.000722591
Alabama,1963,0.000352575
Alabama,1964,0.005462757
Alabama,1965,0.000704457
Alabama,1966,0.000541875
Alabama,1967,0.000400103
Alabama,1968,4.70E-05
Alabama,1969,3.52E-06
Alabama,1970,0.000141399
Alabama,1971,0.000561492
Alabama,1972,4.06E-05
Alabama,1973,4.20E-06
Alabama,1974,5.80E-06
Alabama,1975,1.36E-06
Alabama,1976,0
Alabama,1977,2.09E-05
Alabama,1978,3.46E-05
Alabama,1979,3.34E-05
Alabama,1980,5.65E-06
Alabama,1981,0
Alabama,1982,5.07E-07
Alabama,1983,2.53E-07
Alabama,1984,0
Alabama,1985,0
Alabama,1986,2.51E-07
Alabama,1987,1.00E-06
Alabama,1988,2.50E-07
Alabama,1989,1.52E-05
Alabama,1990,6.93E-06
Alabama,1991,2.46E-07
Alabama,1992,0
Alabama,1993,2.42E-07
Alabama,1994,0
Alabama,1995,0
Alabama,1996,0
Alabama,1997,1.39E-06
Alabama,1998,0
Alabama,1999,0
Alabama,2000,0
Alabama,2001,0
Alabama,2002,1.55E-06
Alaska,1960,0.006437721
Alaska,1961,0.004305048
Alaska,1962,0.005870049
Alaska,1963,0.007501653
Alaska,1964,0.004561871
Alaska,1965,0.000823891
Alaska,1966,0.00238755
Alaska,1967,0.000535882
Alaska,1968,3.87E-05
Alaska,1969,6.85E-05
Alaska,1970,0.000352884
Alaska,1971,0.000204009
Alaska,1972,4.10E-05
Alaska,1973,1.53E-05
Alaska,1974,2.98E-06
Alaska,1975,0
Alaska,1976,3.10E-05
Alaska,1977,0.000166686
Alaska,1978,5.30E-06
Alaska,1979,4.63E-05
Alaska,1980,1.49E-05
Alaska,1981,0
Alaska,1982,2.33E-06
Alaska,1983,0
Alaska,1984,0
Alaska,1985,0
Alaska,1986,0
Alaska,1987,0
Alaska,1988,1.91E-06
Alaska,1989,0
Alaska,1990,4.91E-05
Alaska,1991,1.78E-06
Alaska,1992,6.99E-06
Alaska,1993,0
Alaska,1994,2.72E-05
Alaska,1995,0
Alaska,1996,0.000112762
Alaska,1997,1.64E-06
Alaska,1998,2.60E-05
Alaska,1999,0
Alaska,2000,1.60E-06
Alaska,2001,0
Alaska,2002,0
Arizona,1928,0.002021374
Arizona,1929,0.000551674
Arizona,1930,0.004646753
Arizona,1931,0.00482751
Arizona,1932,0.000191951
Arizona,1933,0.002782559
Arizona,1934,0.002231397
Arizona,1935,0.001266102
Arizona,1936,0.00497438
Arizona,1937,0.008004812
Arizona,1938,0.001454039
Arizona,1939,0.001435404
Arizona,1940,0.003399024
Arizona,1941,0.005891767
Arizona,1942,0.007375379
Arizona,1943,0.002196618
Arizona,1944,0.007969067
Arizona,1945,0.000950794
Arizona,1946,0.005015882
Arizona,1947,0.002286546
Arizona,1948,0.006383973
Arizona,1949,0.005346674
Arizona,1950,0.003187088
Arizona,1951,0.013369998
Arizona,1952,0.0042501
Arizona,1953,0.005585673
Arizona,1954,0.005231537
Arizona,1955,0.010051246
Arizona,1956,0.006369756
Arizona,1957,0.007004131
Arizona,1958,0.008297052
Arizona,1959,0.007277891
Arizona,1960,0.003306043
Arizona,1961,0.005809866
Arizona,1962,0.004528298
Arizona,1963,0.00613516
Arizona,1964,0.004236201
Arizona,1965,0.001040598
Arizona,1966,0.003458647
Arizona,1967,0.000632696
Arizona,1968,0.000147456
Arizona,1969,0.000316458
Arizona,1970,0.000568073
Arizona,1971,0.000276948
Arizona,1972,0.000453588
Arizona,1973,1.30E-05
Arizona,1974,1.01E-05
Arizona,1975,3.80E-05
Arizona,1976,0.000106151
Arizona,1977,9.10E-05
Arizona,1978,2.64E-05
Arizona,1979,3.37E-05
Arizona,1980,0.000119932
Arizona,1981,3.90E-06
Arizona,1982,5.49E-06
Arizona,1983,0
Arizona,1984,0
Arizona,1985,7.79E-05
Arizona,1986,7.82E-05
Arizona,1987,1.04E-05
Arizona,1988,8.68E-07
Arizona,1989,4.08E-05
Arizona,1990,7.78E-05
Arizona,1991,9.04E-05
Arizona,1992,0
Arizona,1993,7.41E-07
Arizona,1994,2.15E-06
Arizona,1995,2.76E-06
Arizona,1996,1.78E-06
Arizona,1997,1.93E-06
Arizona,1998,2.08E-06
Arizona,1999,2.01E-07
Arizona,2000,0
Arizona,2001,1.89E-07
Arizona,2002,0
Arkansas,1928,0.004851545
Arkansas,1929,0.000675093
Arkansas,1930,0.000535999
Arkansas,1931,0.000455175
Arkansas,1932,5.28E-05
Arkansas,1933,0.002881261
Arkansas,1934,0.003804322
Arkansas,1935,0.000795169
Arkansas,1936,5.58E-05
Arkansas,1937,0.000166974
Arkansas,1938,0.003552861
Arkansas,1939,0.001239835
Arkansas,1940,0.000725356
Arkansas,1941,0.002760979
Arkansas,1942,0.0023534
Arkansas,1943,0.001532801
Arkansas,1944,0.001877144
Arkansas,1945,0.000628246
Arkansas,1946,0.001555538
Arkansas,1947,0.001236628
Arkansas,1948,0.001968367
Arkansas,1949,0.006408358
Arkansas,1950,0.000910704
Arkansas,1951,0.004021616
Arkansas,1952,0.001844417
Arkansas,1953,0.006938487
Arkansas,1954,0.001415045
Arkansas,1955,0.001630713
Arkansas,1956,0.004739958
Arkansas,1957,0.00075036
Arkansas,1958,0.001668356
Arkansas,1959,0.000455516
Arkansas,1960,0.000893481
Arkansas,1961,0.000943705
Arkansas,1962,0.000805153
Arkansas,1963,0.000811326
Arkansas,1964,0.000614728
Arkansas,1965,0.000659906
Arkansas,1966,0.000754096
Arkansas,1967,0.0006879
Arkansas,1968,1.61E-06
Arkansas,1969,1.53E-05
Arkansas,1970,1.72E-05
Arkansas,1971,0.000225827
Arkansas,1972,6.52E-06
Arkansas,1973,3.79E-05
Arkansas,1974,6.75E-06
Arkansas,1975,9.45E-07
Arkansas,1976,9.27E-06
Arkansas,1977,2.10E-05
Arkansas,1978,9.86E-06
Arkansas,1979,4.86E-06
Arkansas,1980,7.87E-06
Arkansas,1981,6.08E-06
Arkansas,1982,0
Arkansas,1983,4.30E-07
Arkansas,1984,3.87E-06
Arkansas,1985,0
Arkansas,1986,0.000122842
Arkansas,1987,0
Arkansas,1988,0
Arkansas,1989,2.14E-06
Arkansas,1990,1.74E-05
Arkansas,1991,0
Arkansas,1992,0
Arkansas,1993,0
Arkansas,1994,0
Arkansas,1995,8.05E-07
Arkansas,1996,0
Arkansas,1997,1.17E-06
Arkansas,1998,0
Arkansas,1999,1.52E-06
Arkansas,2000,3.74E-07
Arkansas,2001,0
Arkansas,2002,0
California,1928,0.00070697
California,1929,0.00073619
California,1930,0.007647363
California,1931,0.004748185
California,1932,0.002101251
California,1933,0.004332345
California,1934,0.004114938
California,1935,0.004552024
California,1936,0.007644924
California,1937,0.000784515
California,1938,0.002800101
California,1939,0.009450167
California,1940,0.003788263
California,1941,0.00177537
California,1942,0.012849913
California,1943,0.003785407
California,1944,0.006735732
California,1945,0.003808058
California,1946,0.006299959
California,1947,0.000805149
California,1948,0.005107616
California,1949,0.003286074
California,1950,0.001391242
California,1951,0.005505175
California,1952,0.003363003
California,1953,0.004437346
California,1954,0.004770909
California,1955,0.00512452
California,1956,0.002357715
California,1957,0.003549797
California,1958,0.002383911
California,1959,0.002559244
California,1960,0.001413865
California,1961,0.002274455
California,1962,0.00168745
California,1963,0.001168791
California,1964,0.001857083
California,1965,0.000769679
California,1966,0.000824599
California,1967,0.000279314
California,1968,8.57E-05
California,1969,4.58E-05
California,1970,9.77E-05
California,1971,0.000141082
California,1972,0.000156117
California,1973,3.83E-05
California,1974,5.18E-05
California,1975,0.000240985
California,1976,0.000105626
California,1977,0.000354786
California,1978,2.84E-05
California,1979,4.20E-05
California,1980,3.74E-05
California,1981,1.43E-05
California,1982,3.23E-05
California,1983,6.16E-06
California,1984,1.20E-05
California,1985,9.74E-06
California,1986,1.57E-05
California,1987,2.77E-05
California,1988,2.58E-05
California,1989,7.52E-05
California,1990,0.000322513
California,1991,6.48E-05
California,1992,1.98E-06
California,1993,2.01E-06
California,1994,2.02E-06
California,1995,1.18E-06
California,1996,1.38E-06
California,1997,1.06E-06
California,1998,1.20E-07
California,1999,5.37E-07
California,2000,4.43E-07
California,2001,9.94E-07
California,2002,0
Colorado,1928,0.002063222
Colorado,1929,0.000728499
Colorado,1930,0.011373916
Colorado,1931,0.004583769
Colorado,1932,0.002257465
Colorado,1933,0.000280069
Colorado,1934,0.012118001
Colorado,1935,0.011879709
Colorado,1936,0.000550484
Colorado,1937,0.000939505
Colorado,1938,0.008312242
Colorado,1939,0.005291533
Colorado,1940,0.002336873
Colorado,1941,0.006551018
Colorado,1942,0.004899017
Colorado,1943,0.009681414
Colorado,1944,0.005362741
Colorado,1945,0.000894446
Colorado,1946,0.009798565
Colorado,1947,0.001424966
Colorado,1948,0.007212865
Colorado,1949,0.005579181
Colorado,1950,0.003953697
Colorado,1951,0.00911236
Colorado,1952,0.003786574
Colorado,1953,0.006815743
Colorado,1954,0.001289324
Colorado,1955,0.003219791
Colorado,1956,0.009049099
Colorado,1957,0.001787925
Colorado,1958,0.005678563
Colorado,1959,0.004119196
Colorado,1960,0.003880391
Colorado,1961,0.002157504
Colorado,1962,0.004890537
Colorado,1963,0.003346056
Colorado,1964,0.001684281
Colorado,1965,0.00305724
Colorado,1966,0.000719476
Colorado,1967,0.000796332
Colorado,1968,0.000237551
Colorado,1969,6.46E-05
Colorado,1970,0.000108732
Colorado,1971,0.000394138
Colorado,1972,0.000223645
Colorado,1973,6.91E-05
Colorado,1974,6.38E-05
Colorado,1975,0.000458779
Colorado,1976,0.000171464
Colorado,1977,0.000160901
Colorado,1978,1.81E-05
Colorado,1979,2.58E-05
Colorado,1980,8.30E-06
Colorado,1981,2.72E-06
Colorado,1982,2.35E-06
Colorado,1983,0
Colorado,1984,0
Colorado,1985,2.92E-06
Colorado,1986,1.60E-06
Colorado,1987,2.86E-06
Colorado,1988,3.64E-05
Colorado,1989,3.09E-05
Colorado,1990,4.22E-05
Colorado,1991,3.27E-06
Colorado,1992,6.39E-06
Colorado,1993,0
Colorado,1994,5.50E-06
Colorado,1995,6.95E-06
Colorado,1996,1.82E-06
Colorado,1997,7.31E-06
Colorado,1998,0
Colorado,1999,0
Colorado,2000,6.97E-07
Colorado,2001,0
Colorado,2002,0
Connecticut,1928,0.006361815
Connecticut,1929,0.006157256
Connecticut,1930,0.00112639
Connecticut,1931,0.007944734
Connecticut,1932,0.003496004
Connecticut,1933,0.003310735
Connecticut,1934,0.002826142
Connecticut,1935,0.014578249
Connecticut,1936,0.002299676
Connecticut,1937,0.006084337
Connecticut,1938,0.001078851
Connecticut,1939,0.009382631
Connecticut,1940,0.003765412
Connecticut,1941,0.00368751
Connecticut,1942,0.006033313
Connecticut,1943,0.005575078
Connecticut,1944,0.004887643
Connecticut,1945,0.001651318
Connecticut,1946,0.004088085
Connecticut,1947,0.008483852
Connecticut,1948,0.001470263
Connecticut,1949,0.00967298
Connecticut,1950,0.001982783
Connecticut,1951,0.002248083
Connecticut,1952,0.01169628
Connecticut,1953,0.001009837
Connecticut,1954,0.002286921
Connecticut,1955,0.01284281
Connecticut,1956,0.001170128
Connecticut,1957,0.00409689
Connecticut,1958,0.006530942
Connecticut,1959,0.005261966
Connecticut,1960,0.004361333
Connecticut,1961,0.002608501
Connecticut,1962,0.006703663
Connecticut,1963,0.002160311
Connecticut,1964,0.00191015
Connecticut,1965,0.003266326
Connecticut,1966,0.000328382
Connecticut,1967,3.63E-05
Connecticut,1968,0.000238478
Connecticut,1969,0.000213895
Connecticut,1970,3.83E-05
Connecticut,1971,0.000390861
Connecticut,1972,0.000500095
Connecticut,1973,0.000590075
Connecticut,1974,5.63E-05
Connecticut,1975,4.17E-05
Connecticut,1976,7.66E-05
Connecticut,1977,0.000249948
Connecticut,1978,0.000170418
Connecticut,1979,1.29E-06
Connecticut,1980,8.69E-06
Connecticut,1981,2.89E-06
Connecticut,1982,2.56E-06
Connecticut,1983,0
Connecticut,1984,3.16E-06
Connecticut,1985,1.88E-06
Connecticut,1986,2.81E-06
Connecticut,1987,6.82E-06
Connecticut,1988,5.23E-06
Connecticut,1989,6.58E-05
Connecticut,1990,5.72E-05
Connecticut,1991,6.96E-06
Connecticut,1992,6.03E-07
Connecticut,1993,1.80E-06
Connecticut,1994,1.20E-06
Connecticut,1995,2.98E-07
Connecticut,1996,2.97E-07
Connecticut,1997,0
Connecticut,1998,0
Connecticut,1999,0
Connecticut,2000,0
Connecticut,2001,0
Connecticut,2002,0
Delaware,1928,0.002542438
Delaware,1929,0.002393154
Delaware,1930,0.001094891
Delaware,1931,0.010097229
Delaware,1932,0.000160659
Delaware,1933,0.00083596
Delaware,1934,0.012356835
Delaware,1935,0.004148567
Delaware,1936,0.00554721
Delaware,1937,0.006996031
Delaware,1938,0.002339361
Delaware,1939,0.00095756
Delaware,1940,0.00037898
Delaware,1941,0.012926818
Delaware,1942,0.000925276
Delaware,1943,0.005747251
Delaware,1944,0.001408105
Delaware,1945,0.000976593
Delaware,1946,0.00205052
Delaware,1947,0.000205906
Delaware,1948,0.003436937
Delaware,1949,0.002391704
Delaware,1950,0.001964884
Delaware,1951,0.002106799
Delaware,1952,0.001212824
Delaware,1953,0.001164144
Delaware,1954,0.005363559
Delaware,1955,0.000279778
Delaware,1956,0.002225495
Delaware,1957,0.000825535
Delaware,1958,0.001232576
Delaware,1959,0.00142519
Delaware,1960,0.002142095
Delaware,1961,0.003693183
Delaware,1962,0.001284493
Delaware,1963,0.002478118
Delaware,1964,0.000794377
Delaware,1965,0.001024525
Delaware,1966,0.00051123
Delaware,1967,0.000106573
Delaware,1968,4.50E-05
Delaware,1969,0.000934792
Delaware,1970,0.000488958
Delaware,1971,7.58E-05
Delaware,1972,0.000100055
Delaware,1973,1.77E-05
Delaware,1974,2.81E-05
Delaware,1975,6.10E-05
Delaware,1976,0.0001922
Delaware,1977,1.20E-05
Delaware,1978,1.88E-05
Delaware,1979,1.70E-06
Delaware,1980,6.73E-06
Delaware,1981,0
Delaware,1982,0
Delaware,1983,0
Delaware,1984,0
Delaware,1985,0
Delaware,1986,1.58E-06
Delaware,1987,3.13E-05
Delaware,1988,0
Delaware,1989,5.48E-05
Delaware,1990,1.35E-05
Delaware,1991,2.81E-05
Delaware,1992,4.37E-06
Delaware,1993,2.86E-06
Delaware,1994,0
Delaware,1995,0
Delaware,1996,1.36E-06
Delaware,1997,0
Delaware,1998,0
Delaware,1999,0
Delaware,2000,0
Delaware,2001,0
Delaware,2002,0
District Of Columbia,1928,0.005427575
District Of Columbia,1929,0.000950152
District Of Columbia,1930,0.001825953
District Of Columbia,1931,0.008443639
District Of Columbia,1932,0.000535572
District Of Columbia,1933,0.001016504
District Of Columbia,1934,0.011946917
District Of Columbia,1935,0.0016622
District Of Columbia,1936,0.003650014
District Of Columbia,1937,0.003428077
District Of Columbia,1938,0.001196543
District Of Columbia,1939,0.005105356
District Of Columbia,1940,0.001331642
District Of Columbia,1941,0.005454062
District Of Columbia,1942,0.002307438
District Of Columbia,1943,0.002918603
District Of Columbia,1944,0.003693069
District Of Columbia,1945,0.00046041
District Of Columbia,1946,0.005442993
District Of Columbia,1947,0.000683184
District Of Columbia,1948,0.003239699
District Of Columbia,1949,0.002816905
District Of Columbia,1950,0.002145409
District Of Columbia,1951,0.001861931
District Of Columbia,1952,0.002876798
District Of Columbia,1953,0.00044674
District Of Columbia,1954,0.003816227
District Of Columbia,1955,0.000574193
District Of Columbia,1956,0.002038528
District Of Columbia,1957,0.001127496
District Of Columbia,1958,0.001840606
District Of Columbia,1959,0.000517598
District Of Columbia,1960,0.001583861
District Of Columbia,1961,0.000479916
District Of Columbia,1962,0.000921715
District Of Columbia,1963,0.000289378
District Of Columbia,1964,0.000449583
District Of Columbia,1965,0.000204808
District Of Columbia,1966,0.000508157
District Of Columbia,1967,3.52E-05
District Of Columbia,1968,7.83E-06
District Of Columbia,1969,5.90E-05
District Of Columbia,1970,0.000456042
District Of Columbia,1971,2.14E-05
District Of Columbia,1972,2.71E-06
District Of Columbia,1973,1.38E-05
District Of Columbia,1974,1.40E-06
District Of Columbia,1975,2.87E-06
District Of Columbia,1976,1.90E-05
District Of Columbia,1977,2.09E-05
District Of Columbia,1978,3.04E-06
District Of Columbia,1979,1.54E-06
District Of Columbia,1980,7.83E-06
District Of Columbia,1981,3.17E-06
District Of Columbia,1982,1.60E-06
District Of Columbia,1983,0
District Of Columbia,1984,0
District Of Columbia,1985,4.55E-05
District Of Columbia,1986,0
District Of Columbia,1987,0
District Of Columbia,1988,0
District Of Columbia,1989,6.73E-05
District Of Columbia,1990,3.62E-05
District Of Columbia,1991,0
District Of Columbia,1992,3.33E-06
District Of Columbia,1993,0
District Of Columbia,1994,0
District Of Columbia,1995,0
District Of Columbia,1996,0
District Of Columbia,1997,3.45E-06
District Of Columbia,1998,0
District Of Columbia,1999,0
District Of Columbia,2000,0
District Of Columbia,2001,0
District Of Columbia,2002,0
Florida,1928,0.001262031
Florida,1929,0.000796872
Florida,1930,0.003572375
Florida,1931,0.002564175
Florida,1932,0.000132223
Florida,1933,0.000616976
Florida,1934,0.004854589
Florida,1935,0.0006943
Florida,1936,0.000174569
Florida,1937,0.000222711
Florida,1938,0.005070983
Florida,1939,0.001563441
Florida,1940,0.001155257
Florida,1941,0.00476101
Florida,1942,0.002037057
Florida,1943,0.000814896
Florida,1944,0.002152388
Florida,1945,0.000441746
Florida,1946,0.001241723
Florida,1947,0.000560519
Florida,1948,0.001567423
Florida,1949,0.001461
Florida,1950,0.000845811
Florida,1951,0.000774533
Florida,1952,0.001118754
Florida,1953,0.000386149
Florida,1954,0.003112725
Florida,1955,0.000381336
Florida,1956,0.001293949
Florida,1957,0.001245727
Florida,1958,0.002761173
Florida,1959,0.000761597
Florida,1960,0.000751884
Florida,1961,0.001294722
Florida,1962,0.000772922
Florida,1963,0.000674731
Florida,1964,0.001224076
Florida,1965,0.000627303
Florida,1966,0.000646952
Florida,1967,0.000289359
Florida,1968,8.94E-05
Florida,1969,9.27E-05
Florida,1970,0.00021283
Florida,1971,0.000330448
Florida,1972,0.00019255
Florida,1973,5.23E-05
Florida,1974,2.93E-05
Florida,1975,1.01E-05
Florida,1976,4.01E-05
Florida,1977,3.45E-05
Florida,1978,0.000120662
Florida,1979,6.45E-05
Florida,1980,4.18E-05
Florida,1981,2.98E-05
Florida,1982,2.05E-05
Florida,1983,1.50E-05
Florida,1984,1.45E-06
Florida,1985,9.93E-06
Florida,1986,3.42E-05
Florida,1987,7.08E-06
Florida,1988,1.36E-05
Florida,1989,1.61E-05
Florida,1990,2.87E-05
Florida,1991,2.24E-05
Florida,1992,3.02E-06
Florida,1993,1.95E-06
Florida,1994,1.48E-06
Florida,1995,6.22E-07
Florida,1996,0
Florida,1997,5.30E-07
Florida,1998,6.50E-08
Florida,1999,6.37E-08
Florida,2000,1.25E-07
Florida,2001,0
Florida,2002,6.04E-08
Georgia,1928,0.0015979
Georgia,1929,0.000406401
Georgia,1930,0.001533089
Georgia,1931,0.001046417
Georgia,1932,0.000344304
Georgia,1933,0.00157041
Georgia,1934,0.007741397
Georgia,1935,1.04E-05
Georgia,1936,2.66E-06
Georgia,1937,0
Georgia,1938,0.003023467
Georgia,1939,0.001170593
Georgia,1940,0.000939264
Georgia,1941,0.002965966
Georgia,1942,0.001702798
Georgia,1943,0.001278671
Georgia,1944,0.00168145
Georgia,1945,0.000262951
Georgia,1946,0.001150164
Georgia,1947,0.001005084
Georgia,1948,0.000365923
Georgia,1949,0.002818288
Georgia,1950,0.000626782
Georgia,1951,0.002158292
Georgia,1952,0.0022907
Georgia,1953,0.000861049
Georgia,1954,0.001869728
Georgia,1955,0.000674814
Georgia,1956,0.001281036
Georgia,1957,0.001551679
Georgia,1958,0.001739514
Georgia,1959,0.000114498
Georgia,1960,5.50E-05
Georgia,1961,0.000103237
Georgia,1962,0.000102984
Georgia,1963,4.86E-05
Georgia,1964,5.05E-05
Georgia,1965,0.000154409
Georgia,1966,5.67E-05
Georgia,1967,9.60E-06
Georgia,1968,9.00E-07
Georgia,1969,4.43E-07
Georgia,1970,3.92E-06
Georgia,1971,0.000243143
Georgia,1972,3.71E-05
Georgia,1973,1.06E-05
Georgia,1974,6.10E-07
Georgia,1975,7.99E-06
Georgia,1976,9.81E-07
Georgia,1977,0.000146818
Georgia,1978,1.06E-05
Georgia,1979,0.0001033
Georgia,1980,0.00015504
Georgia,1981,1.98E-05
Georgia,1982,0
Georgia,1983,1.40E-06
Georgia,1984,5.15E-07
Georgia,1985,1.35E-06
Georgia,1986,1.55E-05
Georgia,1987,1.47E-06
Georgia,1988,0
Georgia,1989,2.68E-06
Georgia,1990,5.53E-05
Georgia,1991,2.27E-06
Georgia,1992,4.43E-07
Georgia,1993,1.44E-07
Georgia,1994,4.22E-07
Georgia,1995,6.87E-07
Georgia,1996,1.34E-07
Georgia,1997,0
Georgia,1998,1.28E-07
Georgia,1999,0
Georgia,2000,0
Georgia,2001,1.20E-07
Georgia,2002,1.17E-07
Hawaii,1960,0.008410612
Hawaii,1961,0.000302656
Hawaii,1962,0.004037599
Hawaii,1963,0.005326258
Hawaii,1964,0.001266321
Hawaii,1965,0.005844075
Hawaii,1966,0.000205027
Hawaii,1967,0.000245363
Hawaii,1968,5.03E-05
Hawaii,1969,7.05E-05
Hawaii,1970,0.000249818
Hawaii,1971,0.000622008
Hawaii,1972,0.000119304
Hawaii,1973,3.64E-05
Hawaii,1974,7.47E-05
Hawaii,1975,7.52E-05
Hawaii,1976,1.24E-05
Hawaii,1977,4.86E-05
Hawaii,1978,2.27E-05
Hawaii,1979,8.14E-05
Hawaii,1980,9.33E-06
Hawaii,1981,8.14E-06
Hawaii,1982,5.00E-06
Hawaii,1983,9.84E-07
Hawaii,1984,0.000167637
Hawaii,1985,2.29E-05
Hawaii,1986,2.83E-05
Hawaii,1987,1.86E-06
Hawaii,1988,1.84E-05
Hawaii,1989,2.83E-05
Hawaii,1990,3.70E-05
Hawaii,1991,1.97E-05
Hawaii,1992,4.34E-05
Hawaii,1993,1.32E-05
Hawaii,1994,0
Hawaii,1995,0
Hawaii,1996,2.91E-05
Hawaii,1997,5.09E-06
Hawaii,1998,0
Hawaii,1999,8.33E-07
Hawaii,2000,1.65E-06
Hawaii,2001,5.72E-06
Hawaii,2002,8.09E-07
Idaho,1928,0.000200086
Idaho,1929,0.001622792
Idaho,1930,0.001975139
Idaho,1931,0.000262433
Idaho,1932,8.78E-05
Idaho,1933,0.001941349
Idaho,1934,0.002537715
Idaho,1935,0.001830313
Idaho,1936,0.002662298
Idaho,1937,0.002477356
Idaho,1938,0.00431649
Idaho,1939,0.007009803
Idaho,1940,0.003366529
Idaho,1941,0.000959302
Idaho,1942,0.003501621
Idaho,1943,0.005960881
Idaho,1944,0.001747356
Idaho,1945,0.002363744
Idaho,1946,0.003919113
Idaho,1947,0.000470719
Idaho,1948,0.002636991
Idaho,1949,0.005008235
Idaho,1950,0.003248182
Idaho,1951,0.003536211
Idaho,1952,0.001911369
Idaho,1953,0.003150096
Idaho,1954,0.007074385
Idaho,1955,0.001112911
Idaho,1956,0.00311363
Idaho,1957,0.004819582
Idaho,1958,0.005829375
Idaho,1959,0.002452139
Idaho,1960,0.004243163
Idaho,1961,0.002873683
Idaho,1962,0.002407909
Idaho,1963,0.00579815
Idaho,1964,0.003382638
Idaho,1965,0.004602569
Idaho,1966,0.002499728
Idaho,1967,0.000603115
Idaho,1968,3.04E-05
Idaho,1969,0.000128536
Idaho,1970,0.000137531
Idaho,1971,0.000375966
Idaho,1972,0.000146957
Idaho,1973,0.000331966
Idaho,1974,6.78E-05
Idaho,1975,2.43E-05
Idaho,1976,0.002332824
Idaho,1977,0.000192824
Idaho,1978,4.43E-06
Idaho,1979,2.38E-05
Idaho,1980,0
Idaho,1981,2.09E-06
Idaho,1982,0
Idaho,1983,1.03E-06
Idaho,1984,0
Idaho,1985,6.32E-05
Idaho,1986,1.02E-06
Idaho,1987,0
Idaho,1988,0
Idaho,1989,8.03E-06
Idaho,1990,2.19E-05
Idaho,1991,0.000429582
Idaho,1992,0
Idaho,1993,0
Idaho,1994,1.83E-06
Idaho,1995,3.56E-06
Idaho,1996,1.73E-06
Idaho,1997,6.81E-05
Idaho,1998,8.17E-07
Idaho,1999,0
Idaho,2000,0
Idaho,2001,1.51E-06
Idaho,2002,0
Illinois,1928,0.000998836
Illinois,1929,0.005100136
Illinois,1930,0.002164559
Illinois,1931,0.005164729
Illinois,1932,0.002081393
Illinois,1933,0.001555143
Illinois,1934,0.005728294
Illinois,1935,0.007450386
Illinois,1936,0.000154195
Illinois,1937,0.001472794
Illinois,1938,0.011472358
Illinois,1939,0.001003761
Illinois,1940,0.000843079
Illinois,1941,0.006177712
Illinois,1942,0.001339277
Illinois,1943,0.003169423
Illinois,1944,0.002281797
Illinois,1945,0.000958199
Illinois,1946,0.00293628
Illinois,1947,0.000910816
Illinois,1948,0.004305205
Illinois,1949,0.000665039
Illinois,1950,0.002009486
Illinois,1951,0.001866457
Illinois,1952,0.00294246
Illinois,1953,0.001729939
Illinois,1954,0.003591881
Illinois,1955,0.001454963
Illinois,1956,0.004423355
Illinois,1957,0.001002751
Illinois,1958,0.002349914
Illinois,1959,0.00096634
Illinois,1960,0.002247361
Illinois,1961,0.001577413
Illinois,1962,0.001624777
Illinois,1963,0.000979982
Illinois,1964,0.0014949
Illinois,1965,0.000427538
Illinois,1966,0.001068891
Illinois,1967,0.000120115
Illinois,1968,0.000135305
Illinois,1969,0.000101442
Illinois,1970,0.000296294
Illinois,1971,0.000292317
Illinois,1972,0.000402573
Illinois,1973,0.000194451
Illinois,1974,0.000186921
Illinois,1975,0.000164261
Illinois,1976,0.000178347
Illinois,1977,0.00016551
Illinois,1978,6.93E-05
Illinois,1979,0.000115226
Illinois,1980,2.97E-05
Illinois,1981,2.45E-06
Illinois,1982,2.19E-06
Illinois,1983,1.71E-05
Illinois,1984,1.35E-05
Illinois,1985,2.41E-05
Illinois,1986,3.65E-05
Illinois,1987,1.65E-05
Illinois,1988,4.49E-06
Illinois,1989,0.000224021
Illinois,1990,9.07E-05
Illinois,1991,5.22E-07
Illinois,1992,7.78E-07
Illinois,1993,3.43E-07
Illinois,1994,1.53E-06
Illinois,1995,4.21E-07
Illinois,1996,1.67E-07
Illinois,1997,7.43E-07
Illinois,1998,8.18E-08
Illinois,1999,0
Illinois,2000,3.22E-07
Illinois,2001,8.00E-08
Illinois,2002,0
Indiana,1928,0.002657894
Indiana,1929,0.003232995
Indiana,1930,0.001208892
Indiana,1931,0.00540779
Indiana,1932,0.000888876
Indiana,1933,0.001083475
Indiana,1934,0.006326216
Indiana,1935,0.002996886
Indiana,1936,0.000211275
Indiana,1937,0.002110248
Indiana,1938,0.005244564
Indiana,1939,0.000598642
Indiana,1940,0.00016833
Indiana,1941,0.003842274
Indiana,1942,0.000953416
Indiana,1943,0.002565246
Indiana,1944,0.001432031
Indiana,1945,0.000316086
Indiana,1946,0.002943453
Indiana,1947,0.000615328
Indiana,1948,0.003736877
Indiana,1949,0.001024986
Indiana,1950,0.001708342
Indiana,1951,0.001043538
Indiana,1952,0.001824143
Indiana,1953,0.001638825
Indiana,1954,0.005220829
Indiana,1955,0.000876817
Indiana,1956,0.003753029
Indiana,1957,0.001835885
Indiana,1958,0.00401876
Indiana,1959,0.001000303
Indiana,1960,0.002236355
Indiana,1961,0.00124744
Indiana,1962,0.001599253
Indiana,1963,0.001210642
Indiana,1964,0.004541884
Indiana,1965,0.000477102
Indiana,1966,0.001161072
Indiana,1967,0.000134027
Indiana,1968,0.000154545
Indiana,1969,0.00010485
Indiana,1970,5.53E-05
Indiana,1971,0.000589396
Indiana,1972,0.00024088
Indiana,1973,0.000133958
Indiana,1974,4.82E-05
Indiana,1975,9.64E-05
Indiana,1976,0.000801031
Indiana,1977,0.000715779
Indiana,1978,4.01E-05
Indiana,1979,3.65E-05
Indiana,1980,2.00E-05
Indiana,1981,3.27E-06
Indiana,1982,5.46E-07
Indiana,1983,6.75E-05
Indiana,1984,3.64E-07
Indiana,1985,5.46E-07
Indiana,1986,6.92E-06
Indiana,1987,0
Indiana,1988,1.04E-05
Indiana,1989,2.03E-05
Indiana,1990,4.49E-05
Indiana,1991,8.97E-07
Indiana,1992,2.14E-06
Indiana,1993,1.77E-07
Indiana,1994,1.75E-07
Indiana,1995,0
Indiana,1996,0
Indiana,1997,0
Indiana,1998,3.36E-07
Indiana,1999,1.66E-07
Indiana,2000,0
Indiana,2001,3.26E-07
Indiana,2002,1.62E-07
Iowa,1928,0.000284879
Iowa,1929,0.000827215
Iowa,1930,0.003962461
Iowa,1931,0.000343779
Iowa,1932,6.37E-05
Iowa,1933,0.000331348
Iowa,1934,0.003486748
Iowa,1935,0.008737744
Iowa,1936,7.97E-05
Iowa,1937,0.000106934
Iowa,1938,0.002207869
Iowa,1939,0.002083482
Iowa,1940,0.002127041
Iowa,1941,0.001936839
Iowa,1942,0.002435823
Iowa,1943,0.002214723
Iowa,1944,0.001806105
Iowa,1945,0.000550577
Iowa,1946,0.001533987
Iowa,1947,0.001723553
Iowa,1948,0.003446307
Iowa,1949,0.000859518
Iowa,1950,0.004000652
Iowa,1951,0.001031204
Iowa,1952,0.001199951
Iowa,1953,0.004086553
Iowa,1954,0.004680413
Iowa,1955,0.002852323
Iowa,1956,0.003069389
Iowa,1957,0.003301288
Iowa,1958,0.004592695
Iowa,1959,0.004174806
Iowa,1960,0.000639701
Iowa,1961,0.001918087
Iowa,1962,0.003902999
Iowa,1963,0.002767697
Iowa,1964,0.008083646
Iowa,1965,0.003336723
Iowa,1966,0.001951036
Iowa,1967,0.000294949
Iowa,1968,6.52E-05
Iowa,1969,9.91E-05
Iowa,1970,0.00031653
Iowa,1971,0.000956281
Iowa,1972,0.000335197
Iowa,1973,0.000101996
Iowa,1974,4.62E-05
Iowa,1975,0.000242252
Iowa,1976,1.45E-05
Iowa,1977,0.001241001
Iowa,1978,2.98E-05
Iowa,1979,5.49E-06
Iowa,1980,6.86E-07
Iowa,1981,3.44E-07
Iowa,1982,0
Iowa,1983,0
Iowa,1984,0
Iowa,1985,0
Iowa,1986,5.00E-05
Iowa,1987,0
Iowa,1988,0
Iowa,1989,4.31E-06
Iowa,1990,9.36E-06
Iowa,1991,5.76E-06
Iowa,1992,0
Iowa,1993,0
Iowa,1994,2.49E-06
Iowa,1995,0
Iowa,1996,0
Iowa,1997,2.79E-06
Iowa,1998,3.47E-07
Iowa,1999,0
Iowa,2000,6.83E-07
Iowa,2001,0
Iowa,2002,0
Kansas,1928,0.001354101
Kansas,1929,0.005522787
Kansas,1930,0.006674645
Kansas,1931,0.000935062
Kansas,1932,0.003279152
Kansas,1933,0.003366724
Kansas,1934,0.005416458
Kansas,1935,0.014175522
Kansas,1936,0.000235813
Kansas,1937,0.000428463
Kansas,1938,0.00591983
Kansas,1939,0.00159895
Kansas,1940,0.004474667
Kansas,1941,0.007503658
Kansas,1942,0.005238708
Kansas,1943,0.005460163
Kansas,1944,0.005426609
Kansas,1945,0.000914334
Kansas,1946,0.006493233
Kansas,1947,0.000483585
Kansas,1948,0.000592343
Kansas,1949,0.009022759
Kansas,1950,0.000936861
Kansas,1951,0.005778832
Kansas,1952,0.003295366
Kansas,1953,0.007532755
Kansas,1954,0.000671505
Kansas,1955,0.001487116
Kansas,1956,0.002046927
Kansas,1957,6.17E-06
Kansas,1958,3.33E-05
Kansas,1959,0
Kansas,1960,0
Kansas,1961,0
Kansas,1962,0
Kansas,1963,0
Kansas,1964,0
Kansas,1965,0
Kansas,1966,0
Kansas,1967,4.34E-05
Kansas,1968,9.38E-06
Kansas,1969,4.02E-06
Kansas,1970,3.38E-05
Kansas,1971,0.000625183
Kansas,1972,1.72E-05
Kansas,1973,1.19E-05
Kansas,1974,8.23E-05
Kansas,1975,0.000934392
Kansas,1976,0.00032323
Kansas,1977,0.000615154
Kansas,1978,4.49E-05
Kansas,1979,3.19E-05
Kansas,1980,3.13E-05
Kansas,1981,4.21E-07
Kansas,1982,1.84E-05
Kansas,1983,0
Kansas,1984,0
Kansas,1985,4.14E-07
Kansas,1986,4.08E-05
Kansas,1987,0
Kansas,1988,4.08E-07
Kansas,1989,4.79E-05
Kansas,1990,9.49E-05
Kansas,1991,3.61E-06
Kansas,1992,7.96E-07
Kansas,1993,0
Kansas,1994,3.91E-07
Kansas,1995,3.88E-07
Kansas,1996,3.85E-07
Kansas,1997,0
Kansas,1998,0
Kansas,1999,0
Kansas,2000,7.44E-07
Kansas,2001,3.69E-07
Kansas,2002,0
Kentucky,1928,0.002161117
Kentucky,1929,0.000434167
Kentucky,1930,0.000704126
Kentucky,1931,0.001819388
Kentucky,1932,0.000733225
Kentucky,1933,0.000580222
Kentucky,1934,0.004238186
Kentucky,1935,0.0053561
Kentucky,1936,0.000798206
Kentucky,1937,0.002456252
Kentucky,1938,0.003925779
Kentucky,1939,0.00079859
Kentucky,1940,0.000983263
Kentucky,1941,0.006025484
Kentucky,1942,0.000818347
Kentucky,1943,0.003580184
Kentucky,1944,0.000785789
Kentucky,1945,0.000546282
Kentucky,1946,0.002553879
Kentucky,1947,0.000289108
Kentucky,1948,0.001230355
Kentucky,1949,0.002857399
Kentucky,1950,0.001621499
Kentucky,1951,0.002898212
Kentucky,1952,0.003580381
Kentucky,1953,0.001315308
Kentucky,1954,0.00999213
Kentucky,1955,0.000740297
Kentucky,1956,0.005897412
Kentucky,1957,0.005427444
Kentucky,1958,0.006077871
Kentucky,1959,0.002194758
Kentucky,1960,0.003533064
Kentucky,1961,0.003694422
Kentucky,1962,0.002037431
Kentucky,1963,0.002874622
Kentucky,1964,0.004894862
Kentucky,1965,0.001228778
Kentucky,1966,0.001559626
Kentucky,1967,0.000474576
Kentucky,1968,4.47E-05
Kentucky,1969,2.23E-05
Kentucky,1970,0.000332432
Kentucky,1971,0.001140558
Kentucky,1972,0.000146789
Kentucky,1973,0.000125867
Kentucky,1974,5.58E-05
Kentucky,1975,4.57E-05
Kentucky,1976,0.000223095
Kentucky,1977,0.000335509
Kentucky,1978,3.39E-05
Kentucky,1979,1.65E-05
Kentucky,1980,1.72E-05
Kentucky,1981,2.72E-07
Kentucky,1982,5.42E-07
Kentucky,1983,0
Kentucky,1984,2.71E-07
Kentucky,1985,5.42E-07
Kentucky,1986,8.15E-07
Kentucky,1987,0
Kentucky,1988,9.52E-06
Kentucky,1989,1.17E-05
Kentucky,1990,1.14E-05
Kentucky,1991,7.02E-06
Kentucky,1992,7.52E-05
Kentucky,1993,0
Kentucky,1994,0
Kentucky,1995,0
Kentucky,1996,0
Kentucky,1997,0
Kentucky,1998,0
Kentucky,1999,0
Kentucky,2000,0
Kentucky,2001,4.90E-07
Kentucky,2002,0
Louisiana,1928,0.002639842
Louisiana,1929,0.000895611
Louisiana,1930,0.000864106
Louisiana,1931,0.000114411
Louisiana,1932,0.000672009
Louisiana,1933,0.000425057
Louisiana,1934,0.002194665
Louisiana,1935,0.001164932
Louisiana,1936,0.000571414
Louisiana,1937,0.000204151
Louisiana,1938,0.000442505
Louisiana,1939,0.001567027
Louisiana,1940,0.000481835
Louisiana,1941,0.000364746
Louisiana,1942,0.001305592
Louisiana,1943,0.001119968
Louisiana,1944,0.001058139
Louisiana,1945,0.000401655
Louisiana,1946,0.001278714
Louisiana,1947,0.000503905
Louisiana,1948,0.000575994
Louisiana,1949,0.000515117
Louisiana,1950,0.000286937
Louisiana,1951,0.000797521
Louisiana,1952,0.000244299
Louisiana,1953,0.001570819
Louisiana,1954,0.001042368
Louisiana,1955,5.63E-05
Louisiana,1956,0.000697428
Louisiana,1957,0.000349566
Louisiana,1958,9.05E-05
Louisiana,1959,2.12E-05
Louisiana,1960,7.49E-05
Louisiana,1961,1.24E-05
Louisiana,1962,6.88E-05
Louisiana,1963,4.23E-05
Louisiana,1964,3.42E-05
Louisiana,1965,3.88E-05
Louisiana,1966,3.07E-05
Louisiana,1967,4.52E-05
Louisiana,1968,7.88E-06
Louisiana,1969,3.45E-05
Louisiana,1970,8.49E-05
Louisiana,1971,0.000429609
Louisiana,1972,3.28E-05
Louisiana,1973,2.36E-05
Louisiana,1974,3.61E-06
Louisiana,1975,7.61E-07
Louisiana,1976,7.83E-05
Louisiana,1977,2.24E-05
Louisiana,1978,0.00021297
Louisiana,1979,6.24E-05
Louisiana,1980,4.52E-06
Louisiana,1981,9.45E-07
Louisiana,1982,3.53E-06
Louisiana,1983,9.41E-07
Louisiana,1984,1.88E-06
Louisiana,1985,9.90E-06
Louisiana,1986,9.44E-07
Louisiana,1987,0
Louisiana,1988,0
Louisiana,1989,2.80E-05
Louisiana,1990,0
Louisiana,1991,0
Louisiana,1992,0
Louisiana,1993,2.34E-07
Louisiana,1994,2.33E-07
Louisiana,1995,4.16E-06
Louisiana,1996,0
Louisiana,1997,0
Louisiana,1998,2.26E-07
Louisiana,1999,0
Louisiana,2000,0
Louisiana,2001,0
Louisiana,2002,0
Maine,1928,0.00405525
Maine,1929,0.007222373
Maine,1930,0.001995177
Maine,1931,0.004373422
Maine,1932,0.01098837
Maine,1933,0.00013578
Maine,1934,0.000794046
Maine,1935,0.008748216
Maine,1936,0.009083249
Maine,1937,0.001362445
Maine,1938,0.0051458
Maine,1939,0.002731373
Maine,1940,0.008399176
Maine,1941,0.005568974
Maine,1942,0.005278399
Maine,1943,0.00277618
Maine,1944,0.005611616
Maine,1945,0.000559638
Maine,1946,0.005429433
Maine,1947,0.004828743
Maine,1948,0.003269895
Maine,1949,0.011043015
Maine,1950,0.001064815
Maine,1951,0.001920001
Maine,1952,0.009746482
Maine,1953,0.001773932
Maine,1954,0.006172918
Maine,1955,0.007004396
Maine,1956,0.001135202
Maine,1957,0.004712556
Maine,1958,0.004535875
Maine,1959,0.002677806
Maine,1960,0.004154695
Maine,1961,0.002859535
Maine,1962,0.007340289
Maine,1963,0.000495343
Maine,1964,0.003813254
Maine,1965,0.003026043
Maine,1966,0.000304348
Maine,1967,0.000252568
Maine,1968,3.57E-05
Maine,1969,8.12E-06
Maine,1970,0.000424375
Maine,1971,0.001243596
Maine,1972,0.000216742
Maine,1973,5.58E-05
Maine,1974,3.57E-05
Maine,1975,1.53E-05
Maine,1976,9.40E-06
Maine,1977,0.000164022
Maine,1978,0.001207778
Maine,1979,1.89E-05
Maine,1980,4.27E-05
Maine,1981,4.39E-06
Maine,1982,0
Maine,1983,0
Maine,1984,0
Maine,1985,0
Maine,1986,1.25E-05
Maine,1987,2.49E-06
Maine,1988,6.59E-06
Maine,1989,0
Maine,1990,3.26E-06
Maine,1991,5.67E-06
Maine,1992,2.42E-06
Maine,1993,1.61E-06
Maine,1994,2.40E-06
Maine,1995,0
Maine,1996,0
Maine,1997,3.17E-06
Maine,1998,0
Maine,1999,0
Maine,2000,0
Maine,2001,0
Maine,2002,0
Maryland,1928,0.010972031
Maryland,1929,0.001264649
Maryland,1930,0.000741024
Maryland,1931,0.012728406
Maryland,1932,0.000657973
Maryland,1933,0.000415966
Maryland,1934,0.015940648
Maryland,1935,0.001349032
Maryland,1936,0.004103044
Maryland,1937,0.007024181
Maryland,1938,0.001593121
Maryland,1939,0.008537886
Maryland,1940,0.002363769
Maryland,1941,0.003961719
Maryland,1942,0.005644047
Maryland,1943,0.002121244
Maryland,1944,0.006545593
Maryland,1945,0.000899471
Maryland,1946,0.00516692
Maryland,1947,0.000532146
Maryland,1948,0.004467899
Maryland,1949,0.007571163
Maryland,1950,0.000620572
Maryland,1951,0.002724737
Maryland,1952,0.003511107
Maryland,1953,0.000799921
Maryland,1954,0.004441252
Maryland,1955,0.000849102
Maryland,1956,0.003150125
Maryland,1957,0.000802713
Maryland,1958,0.002144144
Maryland,1959,0.000773758
Maryland,1960,0.001048477
Maryland,1961,0.001297364
Maryland,1962,0.00096197
Maryland,1963,0.00060366
Maryland,1964,0.000903196
Maryland,1965,0.000360389
Maryland,1966,0.000586769
Maryland,1967,4.90E-05
Maryland,1968,2.74E-05
Maryland,1969,2.56E-05
Maryland,1970,0.000354885
Maryland,1971,0.000139967
Maryland,1972,3.24E-06
Maryland,1973,3.46E-06
Maryland,1974,5.89E-06
Maryland,1975,1.56E-05
Maryland,1976,0.000201308
Maryland,1977,8.58E-05
Maryland,1978,1.23E-05
Maryland,1979,4.06E-06
Maryland,1980,2.02E-05
Maryland,1981,1.18E-06
Maryland,1982,1.16E-06
Maryland,1983,1.84E-06
Maryland,1984,2.95E-06
Maryland,1985,2.58E-05
Maryland,1986,7.73E-06
Maryland,1987,2.40E-06
Maryland,1988,3.22E-06
Maryland,1989,2.54E-05
Maryland,1990,4.31E-05
Maryland,1991,3.70E-05
Maryland,1992,2.25E-06
Maryland,1993,2.02E-07
Maryland,1994,9.99E-07
Maryland,1995,0
Maryland,1996,7.83E-07
Maryland,1997,5.04E-06
Maryland,1998,0
Maryland,1999,0
Maryland,2000,0
Maryland,2001,5.61E-07
Maryland,2002,0
Massachusetts,1928,0.00985154
Massachusetts,1929,0.003515295
Massachusetts,1930,0.006303396
Massachusetts,1931,0.003852284
Massachusetts,1932,0.004614074
Massachusetts,1933,0.003519245
Massachusetts,1934,0.010444775
Massachusetts,1935,0.002905636
Massachusetts,1936,0.006235283
Massachusetts,1937,0.004859866
Massachusetts,1938,0.002338944
Massachusetts,1939,0.005518618
Massachusetts,1940,0.00499013
Massachusetts,1941,0.004797795
Massachusetts,1942,0.005658881
Massachusetts,1943,0.007288095
Massachusetts,1944,0.004101897
Massachusetts,1945,0.001754828
Massachusetts,1946,0.00795531
Massachusetts,1947,0.002541151
Massachusetts,1948,0.006858944
Massachusetts,1949,0.005683423
Massachusetts,1950,0.002644699
Massachusetts,1951,0.003062349
Massachusetts,1952,0.009150968
Massachusetts,1953,0.000680647
Massachusetts,1954,0.004796339
Massachusetts,1955,0.00952762
Massachusetts,1956,0.000711448
Massachusetts,1957,0.002190652
Massachusetts,1958,0.007101151
Massachusetts,1959,0.001237562
Massachusetts,1960,0.004215339
Massachusetts,1961,0.004174914
Massachusetts,1962,0.005109781
Massachusetts,1963,0.000843627
Massachusetts,1964,0.001374147
Massachusetts,1965,0.003578086
Massachusetts,1966,0.000150824
Massachusetts,1967,7.48E-05
Massachusetts,1968,9.83E-05
Massachusetts,1969,6.56E-05
Massachusetts,1970,0.000159074
Massachusetts,1971,8.16E-05
Massachusetts,1972,0.000221692
Massachusetts,1973,0.000695994
Massachusetts,1974,7.13E-05
Massachusetts,1975,2.74E-05
Massachusetts,1976,7.50E-06
Massachusetts,1977,0.000122964
Massachusetts,1978,5.50E-05
Massachusetts,1979,4.71E-06
Massachusetts,1980,1.01E-05
Massachusetts,1981,1.06E-05
Massachusetts,1982,8.67E-07
Massachusetts,1983,1.38E-06
Massachusetts,1984,1.46E-05
Massachusetts,1985,1.39E-05
Massachusetts,1986,6.30E-06
Massachusetts,1987,1.10E-05
Massachusetts,1988,8.41E-07
Massachusetts,1989,1.81E-05
Massachusetts,1990,5.32E-06
Massachusetts,1991,7.10E-06
Massachusetts,1992,3.45E-06
Massachusetts,1993,2.94E-06
Massachusetts,1994,9.74E-07
Massachusetts,1995,6.46E-07
Massachusetts,1996,1.93E-06
Massachusetts,1997,8.62E-06
Massachusetts,1998,1.59E-07
Massachusetts,1999,3.16E-07
Massachusetts,2000,0
Massachusetts,2001,0
Massachusetts,2002,0
Michigan,1928,0.00548867
Michigan,1929,0.003796333
Michigan,1930,0.005826333
Michigan,1931,0.001303164
Michigan,1932,0.008474102
Michigan,1933,0.004404896
Michigan,1934,0.001258317
Michigan,1935,0.015245402
Michigan,1936,0.000456779
Michigan,1937,0.001118336
Michigan,1938,0.01473222
Michigan,1939,0.003250595
Michigan,1940,0.003031332
Michigan,1941,0.011515457
Michigan,1942,0.001731068
Michigan,1943,0.007537633
Michigan,1944,0.004567578
Michigan,1945,0.00116432
Michigan,1946,0.006336112
Michigan,1947,0.001511639
Michigan,1948,0.00572764
Michigan,1949,0.003173313
Michigan,1950,0.005784738
Michigan,1951,0.00221132
Michigan,1952,0.00406626
Michigan,1953,0.003233776
Michigan,1954,0.005769749
Michigan,1955,0.003166598
Michigan,1956,0.005556258
Michigan,1957,0.002400818
Michigan,1958,0.005388055
Michigan,1959,0.001491915
Michigan,1960,0.004522322
Michigan,1961,0.003467367
Michigan,1962,0.003131564
Michigan,1963,0.005076811
Michigan,1964,0.003490338
Michigan,1965,0.003342862
Michigan,1966,0.001757209
Michigan,1967,0.000133467
Michigan,1968,4.03E-05
Michigan,1969,4.42E-05
Michigan,1970,0.000204956
Michigan,1971,0.000291211
Michigan,1972,0.000259413
Michigan,1973,0.000469265
Michigan,1974,0.000251024
Michigan,1975,0.000351535
Michigan,1976,0.000655012
Michigan,1977,0.000134811
Michigan,1978,0.000824344
Michigan,1979,9.45E-05
Michigan,1980,3.02E-05
Michigan,1981,3.78E-06
Michigan,1982,6.05E-06
Michigan,1983,3.24E-07
Michigan,1984,3.24E-05
Michigan,1985,7.58E-06
Michigan,1986,1.16E-05
Michigan,1987,3.03E-06
Michigan,1988,3.35E-06
Michigan,1989,4.24E-05
Michigan,1990,4.06E-05
Michigan,1991,3.75E-06
Michigan,1992,1.49E-06
Michigan,1993,7.40E-07
Michigan,1994,1.57E-06
Michigan,1995,4.16E-07
Michigan,1996,2.07E-07
Michigan,1997,8.20E-07
Michigan,1998,9.16E-07
Michigan,1999,0
Michigan,2000,2.01E-07
Michigan,2001,0
Michigan,2002,0
Minnesota,1928,0.000811446
Minnesota,1929,0.00497436
Minnesota,1930,0.002200118
Minnesota,1931,0.001249564
Minnesota,1932,0.000965504
Minnesota,1933,0.007649427
Minnesota,1934,0.003185558
Minnesota,1935,0.010777387
Minnesota,1936,0.002863901
Minnesota,1937,0.000253107
Minnesota,1938,0.002566592
Minnesota,1939,0.006555366
Minnesota,1940,0.003001826
Minnesota,1941,0.000341891
Minnesota,1942,0.005344439
Minnesota,1943,0.003607162
Minnesota,1944,0.006806968
Minnesota,1945,0.00055576
Minnesota,1946,0.0004239
Minnesota,1947,0.003068061
Minnesota,1948,0.002801436
Minnesota,1949,0.001136695
Minnesota,1950,0.001257677
Minnesota,1951,0.00093226
Minnesota,1952,0.000964629
Minnesota,1953,0.00134539
Minnesota,1954,0.000923917
Minnesota,1955,0.00225012
Minnesota,1956,0.000409648
Minnesota,1957,0.002296042
Minnesota,1958,0.000377908
Minnesota,1959,0.000800244
Minnesota,1960,0.001266893
Minnesota,1961,0.00020637
Minnesota,1962,0.000475718
Minnesota,1963,0.000764029
Minnesota,1964,9.61E-05
Minnesota,1965,0.000261853
Minnesota,1966,0.000459055
Minnesota,1967,3.70E-05
Minnesota,1968,5.08E-06
Minnesota,1969,7.16E-06
Minnesota,1970,1.29E-05
Minnesota,1971,2.06E-05
Minnesota,1972,6.72E-06
Minnesota,1973,6.16E-06
Minnesota,1974,2.17E-05
Minnesota,1975,5.85E-05
Minnesota,1976,0.000108122
Minnesota,1977,0.000683065
Minnesota,1978,2.14E-05
Minnesota,1979,0.000300598
Minnesota,1980,0.000271346
Minnesota,1981,1.95E-06
Minnesota,1982,0
Minnesota,1983,0
Minnesota,1984,1.08E-05
Minnesota,1985,0
Minnesota,1986,8.51E-06
Minnesota,1987,6.57E-06
Minnesota,1988,4.89E-06
Minnesota,1989,1.62E-06
Minnesota,1990,9.23E-05
Minnesota,1991,6.11E-06
Minnesota,1992,2.24E-06
Minnesota,1993,0
Minnesota,1994,0
Minnesota,1995,0
Minnesota,1996,3.83E-06
Minnesota,1997,3.58E-06
Minnesota,1998,0
Minnesota,1999,0
Minnesota,2000,2.03E-07
Minnesota,2001,4.03E-07
Minnesota,2002,0
Mississippi,1928,0
Mississippi,1929,0
Mississippi,1930,0
Mississippi,1931,0
Mississippi,1932,0
Mississippi,1933,0
Mississippi,1934,0
Mississippi,1935,0
Mississippi,1936,0
Mississippi,1937,0
Mississippi,1938,0
Mississippi,1939,0
Mississippi,1940,0
Mississippi,1941,0
Mississippi,1942,0
Mississippi,1943,0
Mississippi,1944,0
Mississippi,1945,0
Mississippi,1946,0
Mississippi,1947,0.000144534
Mississippi,1948,0.000554157
Mississippi,1949,0.001020677
Mississippi,1950,0.000993614
Mississippi,1951,0.000906427
Mississippi,1952,0.000640213
Mississippi,1953,0.001115918
Mississippi,1954,0.001382842
Mississippi,1955,0.000687982
Mississippi,1956,0.001031418
Mississippi,1957,0.000588534
Mississippi,1958,0.000645857
Mississippi,1959,0.000651986
Mississippi,1960,0.000764413
Mississippi,1961,0.000698552
Mississippi,1962,0.001228511
Mississippi,1963,0.000309063
Mississippi,1964,0.002700353
Mississippi,1965,0.000529977
Mississippi,1966,0.000589242
Mississippi,1967,0.000311367
Mississippi,1968,0.000110236
Mississippi,1969,1.05E-05
Mississippi,1970,6.22E-05
Mississippi,1971,0.000688364
Mississippi,1972,9.35E-05
Mississippi,1973,2.83E-05
Mississippi,1974,6.43E-06
Mississippi,1975,1.52E-05
Mississippi,1976,7.49E-06
Mississippi,1977,2.13E-05
Mississippi,1978,0.000316559
Mississippi,1979,1.08E-05
Mississippi,1980,3.93E-05
Mississippi,1981,0
Mississippi,1982,1.57E-06
Mississippi,1983,7.84E-07
Mississippi,1984,0
Mississippi,1985,3.91E-07
Mississippi,1986,3.91E-06
Mississippi,1987,1.57E-06
Mississippi,1988,1.25E-05
Mississippi,1989,3.90E-07
Mississippi,1990,5.05E-06
Mississippi,1991,0
Mississippi,1992,3.83E-07
Mississippi,1993,0
Mississippi,1994,0
Mississippi,1995,0
Mississippi,1996,0
Mississippi,1997,1.45E-06
Mississippi,1998,0
Mississippi,1999,0
Mississippi,2000,0
Mississippi,2001,0
Mississippi,2002,0
Missouri,1928,0.001996072
Missouri,1929,0.001841817
Missouri,1930,0.001504946
Missouri,1931,0.003759856
Missouri,1932,0.000441008
Missouri,1933,0.001565441
Missouri,1934,0.005512957
Missouri,1935,0.003525841
Missouri,1936,0.000176815
Missouri,1937,0.001887945
Missouri,1938,0.00528499
Missouri,1939,0.00076931
Missouri,1940,0.000156685
Missouri,1941,0.001758203
Missouri,1942,0.001795957
Missouri,1943,0.001900969
Missouri,1944,0.001447333
Missouri,1945,0.000275978
Missouri,1946,0.00161677
Missouri,1947,0.000332184
Missouri,1948,0.00147825
Missouri,1949,0.002013089
Missouri,1950,0.000581846
Missouri,1951,0.001900831
Missouri,1952,0.000604371
Missouri,1953,0.002173873
Missouri,1954,0.000377399
Missouri,1955,0.000968561
Missouri,1956,0.00125023
Missouri,1957,0.001020027
Missouri,1958,0.000813838
Missouri,1959,0.000842365
Missouri,1960,0.00017385
Missouri,1961,0.00101872
Missouri,1962,0.000314217
Missouri,1963,0.000633861
Missouri,1964,0.000240079
Missouri,1965,0.000596025
Missouri,1966,0.000124965
Missouri,1967,7.42E-05
Missouri,1968,6.94E-06
Missouri,1969,1.59E-05
Missouri,1970,0.000166578
Missouri,1971,0.000433023
Missouri,1972,3.78E-05
Missouri,1973,1.18E-05
Missouri,1974,5.53E-05
Missouri,1975,5.46E-05
Missouri,1976,4.84E-05
Missouri,1977,0.000187071
Missouri,1978,3.57E-05
Missouri,1979,9.78E-05
Missouri,1980,1.02E-05
Missouri,1981,2.03E-07
Missouri,1982,4.04E-07
Missouri,1983,4.03E-07
Missouri,1984,1.21E-06
Missouri,1985,2.00E-07
Missouri,1986,6.18E-06
Missouri,1987,3.77E-05
Missouri,1988,4.15E-06
Missouri,1989,0.00010009
Missouri,1990,1.04E-05
Missouri,1991,0
Missouri,1992,1.93E-07
Missouri,1993,0
Missouri,1994,8.13E-06
Missouri,1995,0
Missouri,1996,3.71E-07
Missouri,1997,5.51E-07
Missouri,1998,0
Missouri,1999,1.80E-07
Missouri,2000,0
Missouri,2001,1.77E-07
Missouri,2002,1.76E-07
Montana,1928,0.001390146
Montana,1929,0.007927273
Montana,1930,0.001177442
Montana,1931,0.002868616
Montana,1932,0.010153714
Montana,1933,0.004226165
Montana,1934,0.003598263
Montana,1935,0.014437822
Montana,1936,0.000829046
Montana,1937,0.001127862
Montana,1938,0.011193436
Montana,1939,0.01969524
Montana,1940,0.004763556
Montana,1941,0.001558065
Montana,1942,0.005401882
Montana,1943,0.009605189
Montana,1944,0.005943132
Montana,1945,0.001465482
Montana,1946,0.003789351
Montana,1947,0.007765391
Montana,1948,0.00318999
Montana,1949,0.00657336
Montana,1950,0.003011722
Montana,1951,0.004151792
Montana,1952,0.0064026
Montana,1953,0.005061163
Montana,1954,0.007493683
Montana,1955,0.004511067
Montana,1956,0.010358164
Montana,1957,0.005399189
Montana,1958,0.0107266
Montana,1959,0.006256606
Montana,1960,0.003159609
Montana,1961,0.003343639
Montana,1962,0.012099265
Montana,1963,0.004964679
Montana,1964,0.005984451
Montana,1965,0.005741372
Montana,1966,0.002816362
Montana,1967,0.000500433
Montana,1968,9.90E-05
Montana,1969,0.000172484
Montana,1970,0.000164168
Montana,1971,0.001158641
Montana,1972,2.40E-05
Montana,1973,0.000498359
Montana,1974,0.000474797
Montana,1975,7.17E-05
Montana,1976,0.00067538
Montana,1977,0.001229319
Montana,1978,0.00014132
Montana,1979,7.95E-05
Montana,1980,2.54E-06
Montana,1981,0
Montana,1982,0
Montana,1983,0
Montana,1984,0
Montana,1985,0.000210103
Montana,1986,2.52E-06
Montana,1987,0.00017257
Montana,1988,9.69E-05
Montana,1989,1.63E-05
Montana,1990,0
Montana,1991,0
Montana,1992,0
Montana,1993,0
Montana,1994,0
Montana,1995,0
Montana,1996,0
Montana,1997,0
Montana,1998,0
Montana,1999,0
Montana,2000,0
Montana,2001,0
Montana,2002,0
Nebraska,1928,0.00078942
Nebraska,1929,0.00302728
Nebraska,1930,0.007464642
Nebraska,1931,0.000250531
Nebraska,1932,0.000318824
Nebraska,1933,0.001187354
Nebraska,1934,0.00335926
Nebraska,1935,0.006494571
Nebraska,1936,0.000871509
Nebraska,1937,0.000345409
Nebraska,1938,0.00208808
Nebraska,1939,0.002754
Nebraska,1940,0.001295756
Nebraska,1941,0.000336373
Nebraska,1942,0.004061286
Nebraska,1943,0.00381309
Nebraska,1944,0.001735459
Nebraska,1945,0.000663989
Nebraska,1946,0.003801011
Nebraska,1947,0.0003617
Nebraska,1948,0.00253407
Nebraska,1949,0.002052271
Nebraska,1950,0.00275592
Nebraska,1951,0.000412036
Nebraska,1952,0.002096887
Nebraska,1953,0.001796222
Nebraska,1954,0.001892169
Nebraska,1955,0.000121497
Nebraska,1956,0.001813765
Nebraska,1957,0.000168964
Nebraska,1958,0.001079561
Nebraska,1959,0.000292242
Nebraska,1960,0.000148796
Nebraska,1961,0.000450283
Nebraska,1962,8.34E-05
Nebraska,1963,0.000163266
Nebraska,1964,0.000562539
Nebraska,1965,0.000324929
Nebraska,1966,0.000116302
Nebraska,1967,0.00036439
Nebraska,1968,4.57E-05
Nebraska,1969,0.000448134
Nebraska,1970,0.000530505
Nebraska,1971,4.96E-05
Nebraska,1972,1.60E-05
Nebraska,1973,3.97E-06
Nebraska,1974,6.17E-05
Nebraska,1975,0.000258269
Nebraska,1976,3.56E-05
Nebraska,1977,0.000137924
Nebraska,1978,5.13E-06
Nebraska,1979,4.28E-05
Nebraska,1980,4.97E-05
Nebraska,1981,2.54E-06
Nebraska,1982,1.91E-06
Nebraska,1983,0
Nebraska,1984,0
Nebraska,1985,0
Nebraska,1986,0
Nebraska,1987,0
Nebraska,1988,0
Nebraska,1989,6.67E-05
Nebraska,1990,5.01E-05
Nebraska,1991,0
Nebraska,1992,0
Nebraska,1993,0
Nebraska,1994,0
Nebraska,1995,0
Nebraska,1996,0
Nebraska,1997,6.01E-07
Nebraska,1998,0
Nebraska,1999,0
Nebraska,2000,0
Nebraska,2001,0
Nebraska,2002,0
Nevada,1928,0
Nevada,1929,0
Nevada,1930,0
Nevada,1931,0
Nevada,1932,0
Nevada,1933,0
Nevada,1934,0
Nevada,1935,0
Nevada,1936,0
Nevada,1937,0
Nevada,1938,0
Nevada,1939,0
Nevada,1940,0
Nevada,1941,0.002927105
Nevada,1942,0.0095795
Nevada,1943,0.005012343
Nevada,1944,0.0030172
Nevada,1945,0.000832776
Nevada,1946,0.001355419
Nevada,1947,0.000201206
Nevada,1948,0.000412612
Nevada,1949,0.000623507
Nevada,1950,0.000687144
Nevada,1951,0.001707719
Nevada,1952,0.002903124
Nevada,1953,0.001061481
Nevada,1954,0.001943372
Nevada,1955,0.00185082
Nevada,1956,0.000613762
Nevada,1957,0.006449857
Nevada,1958,0.000780994
Nevada,1959,0.002282053
Nevada,1960,0.002681595
Nevada,1961,0.00206219
Nevada,1962,0.002109216
Nevada,1963,0.000796669
Nevada,1964,0.002794017
Nevada,1965,0.000598287
Nevada,1966,0.000161403
Nevada,1967,0.000643684
Nevada,1968,1.82E-05
Nevada,1969,2.16E-06
Nevada,1970,4.30E-05
Nevada,1971,1.36E-05
Nevada,1972,1.84E-06
Nevada,1973,1.75E-06
Nevada,1974,0.000275871
Nevada,1975,4.42E-05
Nevada,1976,0.000126248
Nevada,1977,0.000111671
Nevada,1978,2.73E-05
Nevada,1979,2.74E-05
Nevada,1980,1.50E-05
Nevada,1981,1.68E-05
Nevada,1982,0
Nevada,1983,2.21E-06
Nevada,1984,0
Nevada,1985,0
Nevada,1986,2.96E-06
Nevada,1987,1.90E-06
Nevada,1988,0
Nevada,1989,1.05E-05
Nevada,1990,0.000179725
Nevada,1991,1.51E-05
Nevada,1992,7.53E-07
Nevada,1993,7.15E-07
Nevada,1994,0
Nevada,1995,6.42E-07
Nevada,1996,2.43E-06
Nevada,1997,5.78E-07
Nevada,1998,0
Nevada,1999,0
Nevada,2000,3.50E-06
Nevada,2001,0
Nevada,2002,0
New Hampshire,1928,0.002767135
New Hampshire,1929,0.003476288
New Hampshire,1930,0.001265869
New Hampshire,1931,0.003006085
New Hampshire,1932,0.001525084
New Hampshire,1933,0.002204969
New Hampshire,1934,0.008555231
New Hampshire,1935,0.000554925
New Hampshire,1936,0.001857865
New Hampshire,1937,0.003916825
New Hampshire,1938,0.003414586
New Hampshire,1939,0.001353208
New Hampshire,1940,0.001487211
New Hampshire,1941,0.002003036
New Hampshire,1942,0.00161797
New Hampshire,1943,0.001947177
New Hampshire,1944,0.001139349
New Hampshire,1945,0.000306143
New Hampshire,1946,0.002179828
New Hampshire,1947,0.000598138
New Hampshire,1948,0.000772469
New Hampshire,1949,0.002327731
New Hampshire,1950,0.000343184
New Hampshire,1951,0.001928381
New Hampshire,1952,0.004402714
New Hampshire,1953,0.000504646
New Hampshire,1954,0.001671824
New Hampshire,1955,0.008204025
New Hampshire,1956,0.000349695
New Hampshire,1957,0.000681204
New Hampshire,1958,0.003634182
New Hampshire,1959,0.000763423
New Hampshire,1960,0.001870095
New Hampshire,1961,0.002349418
New Hampshire,1962,0.001646308
New Hampshire,1963,6.57E-05
New Hampshire,1964,0.00137009
New Hampshire,1965,0.00055975
New Hampshire,1966,0.000116519
New Hampshire,1967,3.90E-05
New Hampshire,1968,0.00021085
New Hampshire,1969,0.000271511
New Hampshire,1970,8.68E-05
New Hampshire,1971,0.000275849
New Hampshire,1972,0.001028641
New Hampshire,1973,0.000934915
New Hampshire,1974,0.000208395
New Hampshire,1975,2.43E-05
New Hampshire,1976,1.19E-05
New Hampshire,1977,0.000300425
New Hampshire,1978,7.37E-05
New Hampshire,1979,3.22E-05
New Hampshire,1980,0.000271559
New Hampshire,1981,9.57E-06
New Hampshire,1982,5.21E-06
New Hampshire,1983,0
New Hampshire,1984,3.30E-05
New Hampshire,1985,0
New Hampshire,1986,2.70E-05
New Hampshire,1987,0.000166547
New Hampshire,1988,0.000105125
New Hampshire,1989,1.46E-05
New Hampshire,1990,0
New Hampshire,1991,0
New Hampshire,1992,1.40E-05
New Hampshire,1993,1.73E-06
New Hampshire,1994,0
New Hampshire,1995,0
New Hampshire,1996,0
New Hampshire,1997,1.91E-05
New Hampshire,1998,0
New Hampshire,1999,0
New Hampshire,2000,2.43E-06
New Hampshire,2001,0
New Hampshire,2002,0
New Jersey,1928,0.008101423
New Jersey,1929,0.001822414
New Jersey,1930,0.006068541
New Jersey,1931,0.004982745
New Jersey,1932,0.003742948
New Jersey,1933,0.007221955
New Jersey,1934,0.003553265
New Jersey,1935,0.007817006
New Jersey,1936,0.002120488
New Jersey,1937,0.010951088
New Jersey,1938,0.007101569
New Jersey,1939,0.00104541
New Jersey,1940,0.003031851
New Jersey,1941,0.010616201
New Jersey,1942,0.003278375
New Jersey,1943,0.009178032
New Jersey,1944,0.006331183
New Jersey,1945,0.000738247
New Jersey,1946,0.011585252
New Jersey,1947,0.00254576
New Jersey,1948,0.007365317
New Jersey,1949,0.007282849
New Jersey,1950,0.006062256
New Jersey,1951,0.004000743
New Jersey,1952,0.013008161
New Jersey,1953,0.000821251
New Jersey,1954,0.004516989
New Jersey,1955,0.009523454
New Jersey,1956,0.003449072
New Jersey,1957,0.004634837
New Jersey,1958,0.004356754
New Jersey,1959,0.005090803
New Jersey,1960,0.001763208
New Jersey,1961,0.002966431
New Jersey,1962,0.005137655
New Jersey,1963,0.001623771
New Jersey,1964,0.001783368
New Jersey,1965,0.000617457
New Jersey,1966,0.000295556
New Jersey,1967,8.84E-05
New Jersey,1968,9.72E-05
New Jersey,1969,0.000134529
New Jersey,1970,0.000238555
New Jersey,1971,0.000176654
New Jersey,1972,5.71E-05
New Jersey,1973,0.00010143
New Jersey,1974,0.000752354
New Jersey,1975,6.55E-05
New Jersey,1976,8.53E-05
New Jersey,1977,2.67E-05
New Jersey,1978,1.03E-05
New Jersey,1979,6.80E-06
New Jersey,1980,8.99E-05
New Jersey,1981,8.00E-06
New Jersey,1982,8.11E-07
New Jersey,1983,3.64E-06
New Jersey,1984,8.05E-07
New Jersey,1985,3.34E-06
New Jersey,1986,0.00011841
New Jersey,1987,5.15E-06
New Jersey,1988,4.32E-05
New Jersey,1989,5.36E-05
New Jersey,1990,2.47E-05
New Jersey,1991,0.000130752
New Jersey,1992,4.07E-06
New Jersey,1993,6.30E-07
New Jersey,1994,1.69E-05
New Jersey,1995,4.95E-07
New Jersey,1996,0
New Jersey,1997,2.43E-07
New Jersey,1998,8.45E-07
New Jersey,1999,0
New Jersey,2000,0
New Jersey,2001,1.18E-07
New Jersey,2002,0
New Mexico,1928,0.006772109
New Mexico,1929,0.000554034
New Mexico,1930,0.005338789
New Mexico,1931,0.003274311
New Mexico,1932,0.002715047
New Mexico,1933,0.001479038
New Mexico,1934,0.007300091
New Mexico,1935,0.001485721
New Mexico,1936,0.002371404
New Mexico,1937,0.004939939
New Mexico,1938,0.006360361
New Mexico,1939,0.003185148
New Mexico,1940,0.002171796
New Mexico,1941,0.007243818
New Mexico,1942,0.002855055
New Mexico,1943,0.000998888
New Mexico,1944,0.002759236
New Mexico,1945,0.000614939
New Mexico,1946,0.001988945
New Mexico,1947,0.002117292
New Mexico,1948,0.001646876
New Mexico,1949,0.006554256
New Mexico,1950,0.00137554
New Mexico,1951,0.003024236
New Mexico,1952,0.002122182
New Mexico,1953,0.006593149
New Mexico,1954,0.003438423
New Mexico,1955,0.005950494
New Mexico,1956,0.004693616
New Mexico,1957,0.007195201
New Mexico,1958,0.008910871
New Mexico,1959,0.004777043
New Mexico,1960,6.83E-05
New Mexico,1961,2.07E-05
New Mexico,1962,0
New Mexico,1963,0
New Mexico,1964,0.001133088
New Mexico,1965,0.000701651
New Mexico,1966,0.001283523
New Mexico,1967,0.00061597
New Mexico,1968,0.000176388
New Mexico,1969,0.000284609
New Mexico,1970,0.000297244
New Mexico,1971,0.000389505
New Mexico,1972,0.000127276
New Mexico,1973,0.000146615
New Mexico,1974,5.61E-05
New Mexico,1975,9.50E-05
New Mexico,1976,1.37E-05
New Mexico,1977,1.99E-05
New Mexico,1978,0
New Mexico,1979,3.22E-05
New Mexico,1980,9.98E-06
New Mexico,1981,1.13E-05
New Mexico,1982,0
New Mexico,1983,0
New Mexico,1984,5.22E-05
New Mexico,1985,2.82E-06
New Mexico,1986,2.64E-05
New Mexico,1987,0.000107905
New Mexico,1988,0
New Mexico,1989,1.41E-05
New Mexico,1990,6.67E-05
New Mexico,1991,5.00E-05
New Mexico,1992,6.39E-07
New Mexico,1993,0
New Mexico,1994,0
New Mexico,1995,1.87E-05
New Mexico,1996,1.01E-05
New Mexico,1997,4.06E-06
New Mexico,1998,0
New Mexico,1999,0
New Mexico,2000,0
New Mexico,2001,0
New Mexico,2002,0
New York,1928,0.006187637
New York,1929,0.002445413
New York,1930,0.003168636
New York,1931,0.004265085
New York,1932,0.004693411
New York,1933,0.005545896
New York,1934,0.002614568
New York,1935,0.005248933
New York,1936,0.004867027
New York,1937,0.002062816
New York,1938,0.005254206
New York,1939,0.003342454
New York,1940,0.002118978
New York,1941,0.007722099
New York,1942,0.00181983
New York,1943,0.004446066
New York,1944,0.003042758
New York,1945,0.00046667
New York,1946,0.005679024
New York,1947,0.001053698
New York,1948,0.003311412
New York,1949,0.003587551
New York,1950,0.002017776
New York,1951,0.002386986
New York,1952,0.005005959
New York,1953,0.000748707
New York,1954,0.005568415
New York,1955,0.00244421
New York,1956,0.003113624
New York,1957,0.002366037
New York,1958,0.003692792
New York,1959,0.001411159
New York,1960,0.002781799
New York,1961,0.002081862
New York,1962,0.002747026
New York,1963,0.001081208
New York,1964,0.001570574
New York,1965,0.000523908
New York,1966,0.00060874
New York,1967,6.68E-05
New York,1968,0.00020956
New York,1969,0.000303292
New York,1970,8.60E-05
New York,1971,0.000240398
New York,1972,3.60E-05
New York,1973,9.77E-05
New York,1974,7.84E-05
New York,1975,6.79E-05
New York,1976,0.000172999
New York,1977,0.000260369
New York,1978,0.000103997
New York,1979,8.87E-05
New York,1980,0.000109921
New York,1981,1.99E-05
New York,1982,1.04E-05
New York,1983,1.77E-06
New York,1984,8.32E-06
New York,1985,9.44E-06
New York,1986,5.35E-05
New York,1987,2.46E-05
New York,1988,5.17E-06
New York,1989,1.63E-05
New York,1990,4.48E-05
New York,1991,7.78E-05
New York,1992,6.16E-06
New York,1993,0
New York,1994,3.04E-06
New York,1995,1.08E-07
New York,1996,0
New York,1997,1.18E-06
New York,1998,0
New York,1999,0
New York,2000,1.05E-07
New York,2001,0
New York,2002,5.23E-08
North Carolina,1928,0.018421609
North Carolina,1929,0.000387766
North Carolina,1930,0.000411321
North Carolina,1931,0.004747119
North Carolina,1932,0.004174559
North Carolina,1933,0.00488726
North Carolina,1934,0.016600613
North Carolina,1935,0.003173114
North Carolina,1936,0.000392967
North Carolina,1937,0.002209825
North Carolina,1938,0.013605814
North Carolina,1939,0.006609283
North Carolina,1940,0.002106325
North Carolina,1941,0.006541944
North Carolina,1942,0.005515237
North Carolina,1943,0.001638938
North Carolina,1944,0.006375258
North Carolina,1945,0.000674282
North Carolina,1946,0.002167341
North Carolina,1947,0.001232371
North Carolina,1948,0.000261633
North Carolina,1949,0.004316746
North Carolina,1950,0.001190567
North Carolina,1951,0.000814978
North Carolina,1952,0.000923464
North Carolina,1953,0.001128109
North Carolina,1954,0.002219779
North Carolina,1955,0.000291654
North Carolina,1956,0.001764856
North Carolina,1957,0.000431785
North Carolina,1958,0.000919525
North Carolina,1959,0.000722936
North Carolina,1960,0.00027194
North Carolina,1961,0.001121566
North Carolina,1962,0.000195104
North Carolina,1963,0.000308588
North Carolina,1964,0.00026669
North Carolina,1965,8.74E-05
North Carolina,1966,0.000160613
North Carolina,1967,0.00019253
North Carolina,1968,6.54E-05
North Carolina,1969,7.44E-05
North Carolina,1970,0.000199329
North Carolina,1971,0.000368731
North Carolina,1972,7.08E-06
North Carolina,1973,1.13E-06
North Carolina,1974,1.11E-06
North Carolina,1975,5.48E-07
North Carolina,1976,3.42E-06
North Carolina,1977,9.22E-06
North Carolina,1978,2.18E-05
North Carolina,1979,1.98E-05
North Carolina,1980,2.23E-05
North Carolina,1981,1.01E-06
North Carolina,1982,3.32E-07
North Carolina,1983,0
North Carolina,1984,0
North Carolina,1985,1.45E-06
North Carolina,1986,6.36E-07
North Carolina,1987,2.20E-06
North Carolina,1988,3.10E-07
North Carolina,1989,2.99E-05
North Carolina,1990,6.79E-06
North Carolina,1991,6.68E-06
North Carolina,1992,3.65E-06
North Carolina,1993,0
North Carolina,1994,4.21E-07
North Carolina,1995,0
North Carolina,1996,5.39E-07
North Carolina,1997,2.64E-07
North Carolina,1998,0
North Carolina,1999,0
North Carolina,2000,0
North Carolina,2001,0
North Carolina,2002,0
North Dakota,1928,0.000547572
North Dakota,1929,0.003362684
North Dakota,1930,0.001172073
North Dakota,1931,0.00141968
North Dakota,1932,0.003167802
North Dakota,1933,0.003725629
North Dakota,1934,0.006574836
North Dakota,1935,0.00291467
North Dakota,1936,0.000165985
North Dakota,1937,8.37E-05
North Dakota,1938,0.008570233
North Dakota,1939,0.008395424
North Dakota,1940,0.001497036
North Dakota,1941,0.00215407
North Dakota,1942,0.00252475
North Dakota,1943,0.006926591
North Dakota,1944,0.005490981
North Dakota,1945,0.000560811
North Dakota,1946,0.000374561
North Dakota,1947,0.00220117
North Dakota,1948,0.002007533
North Dakota,1949,0.00237025
North Dakota,1950,0.000635857
North Dakota,1951,0.004156084
North Dakota,1952,0.004233636
North Dakota,1953,0.002485364
North Dakota,1954,0.004435969
North Dakota,1955,0.003996673
North Dakota,1956,0.003530565
North Dakota,1957,0.006103698
North Dakota,1958,0.006850507
North Dakota,1959,0.008787155
North Dakota,1960,0.003914959
North Dakota,1961,0.004456537
North Dakota,1962,0.005899223
North Dakota,1963,0.00695666
North Dakota,1964,0.008441855
North Dakota,1965,0.006494737
North Dakota,1966,0.002217227
North Dakota,1967,0.001448025
North Dakota,1968,0.000229938
North Dakota,1969,0.000131249
North Dakota,1970,0.000519618
North Dakota,1971,0.000368021
North Dakota,1972,9.64E-05
North Dakota,1973,0.000113444
North Dakota,1974,5.87E-05
North Dakota,1975,0.001343035
North Dakota,1976,4.70E-06
North Dakota,1977,4.82E-05
North Dakota,1978,0.000276598
North Dakota,1979,2.61E-05
North Dakota,1980,0
North Dakota,1981,0
North Dakota,1982,0
North Dakota,1983,0
North Dakota,1984,0
North Dakota,1985,1.54E-06
North Dakota,1986,3.24E-05
North Dakota,1987,0
North Dakota,1988,0
North Dakota,1989,0
North Dakota,1990,0
North Dakota,1991,0
North Dakota,1992,0
North Dakota,1993,0
North Dakota,1994,0
North Dakota,1995,0
North Dakota,1996,0
North Dakota,1997,1.57E-06
North Dakota,1998,0
North Dakota,1999,0
North Dakota,2000,0
North Dakota,2001,0
North Dakota,2002,0
Ohio,1928,0.00360353
Ohio,1929,0.005639783
Ohio,1930,0.002781532
Ohio,1931,0.002915233
Ohio,1932,0.005390094
Ohio,1933,0.002334972
Ohio,1934,0.004096626
Ohio,1935,0.005452795
Ohio,1936,0.001366043
Ohio,1937,0.003660142
Ohio,1938,0.006942489
Ohio,1939,0.000742458
Ohio,1940,0.000225693
Ohio,1941,0.011325336
Ohio,1942,0.00126098
Ohio,1943,0.002674173
Ohio,1944,0.005369473
Ohio,1945,0.000472874
Ohio,1946,0.002035602
Ohio,1947,0.002453852
Ohio,1948,0.002905917
Ohio,1949,0.002744346
Ohio,1950,0.001624714
Ohio,1951,0.00294025
Ohio,1952,0.002479195
Ohio,1953,0.003199215
Ohio,1954,0.003309811
Ohio,1955,0.001740025
Ohio,1956,0.004877077
Ohio,1957,0.000889787
Ohio,1958,0.003203224
Ohio,1959,0.001260235
Ohio,1960,0.001916777
Ohio,1961,0.002087183
Ohio,1962,0.00117745
Ohio,1963,0.001448282
Ohio,1964,0.001884645
Ohio,1965,0.000898886
Ohio,1966,0.000624866
Ohio,1967,0.000116382
Ohio,1968,3.17E-05
Ohio,1969,5.33E-05
Ohio,1970,0.000379646
Ohio,1971,0.000372621
Ohio,1972,2.78E-05
Ohio,1973,3.75E-05
Ohio,1974,0.000274086
Ohio,1975,1.06E-05
Ohio,1976,6.73E-05
Ohio,1977,0.00017287
Ohio,1978,4.64E-05
Ohio,1979,3.02E-05
Ohio,1980,3.52E-05
Ohio,1981,1.85E-06
Ohio,1982,2.78E-07
Ohio,1983,8.16E-06
Ohio,1984,9.28E-07
Ohio,1985,0
Ohio,1986,0
Ohio,1987,9.27E-08
Ohio,1988,8.89E-06
Ohio,1989,0.000251578
Ohio,1990,5.23E-05
Ohio,1991,1.10E-06
Ohio,1992,4.58E-07
Ohio,1993,1.00E-06
Ohio,1994,4.53E-07
Ohio,1995,1.80E-07
Ohio,1996,5.38E-07
Ohio,1997,3.04E-06
Ohio,1998,0
Ohio,1999,0
Ohio,2000,2.64E-07
Ohio,2001,8.78E-08
Ohio,2002,0
Oklahoma,1928,0.002681013
Oklahoma,1929,0.000460937
Oklahoma,1930,0.001652727
Oklahoma,1931,0.000321193
Oklahoma,1932,0.000427777
Oklahoma,1933,0.001007492
Oklahoma,1934,0.003742202
Oklahoma,1935,0.001019787
Oklahoma,1936,0.000150149
Oklahoma,1937,0.000446672
Oklahoma,1938,0.001145555
Oklahoma,1939,0.001929064
Oklahoma,1940,0.000603056
Oklahoma,1941,0.000865425
Oklahoma,1942,0.002508325
Oklahoma,1943,0.000732278
Oklahoma,1944,0.00149737
Oklahoma,1945,0.00045836
Oklahoma,1946,0.001784259
Oklahoma,1947,0.000102869
Oklahoma,1948,0.000615874
Oklahoma,1949,0.003334768
Oklahoma,1950,0.000274475
Oklahoma,1951,0.003559644
Oklahoma,1952,0.000914134
Oklahoma,1953,0.001683037
Oklahoma,1954,0.001492346
Oklahoma,1955,0.001315691
Oklahoma,1956,0.004403893
Oklahoma,1957,0.000659737
Oklahoma,1958,0.003134001
Oklahoma,1959,0.000288732
Oklahoma,1960,0.000518837
Oklahoma,1961,0.000255196
Oklahoma,1962,0.000889822
Oklahoma,1963,0.000145653
Oklahoma,1964,0.00043366
Oklahoma,1965,0.000101096
Oklahoma,1966,0.000254527
Oklahoma,1967,0.000327497
Oklahoma,1968,4.98E-05
Oklahoma,1969,5.63E-05
Oklahoma,1970,0.000313376
Oklahoma,1971,0.00025604
Oklahoma,1972,4.91E-06
Oklahoma,1973,2.45E-05
Oklahoma,1974,1.06E-05
Oklahoma,1975,9.68E-05
Oklahoma,1976,0.000101343
Oklahoma,1977,1.79E-05
Oklahoma,1978,9.50E-06
Oklahoma,1979,8.70E-06
Oklahoma,1980,0.000232044
Oklahoma,1981,2.62E-06
Oklahoma,1982,1.07E-05
Oklahoma,1983,3.24E-07
Oklahoma,1984,2.90E-06
Oklahoma,1985,0
Oklahoma,1986,1.03E-05
Oklahoma,1987,1.28E-06
Oklahoma,1988,2.56E-06
Oklahoma,1989,4.05E-05
Oklahoma,1990,5.63E-05
Oklahoma,1991,0
Oklahoma,1992,2.51E-06
Oklahoma,1993,0
Oklahoma,1994,0
Oklahoma,1995,0
Oklahoma,1996,0
Oklahoma,1997,0
Oklahoma,1998,0
Oklahoma,1999,0
Oklahoma,2000,0
Oklahoma,2001,0
Oklahoma,2002,0
Oregon,1928,0.002269596
Oregon,1929,0.004969837
Oregon,1930,0.002770013
Oregon,1931,0.002422649
Oregon,1932,0.005107849
Oregon,1933,0.002278994
Oregon,1934,0.001909521
Oregon,1935,0.00700535
Oregon,1936,0.009247562
Oregon,1937,0.000387815
Oregon,1938,0.001247592
Oregon,1939,0.002231931
Oregon,1940,0.006690931
Oregon,1941,0.005814769
Oregon,1942,0.004789857
Oregon,1943,0.007104077
Oregon,1944,0.002393624
Oregon,1945,0.001525097
Oregon,1946,0.004558869
Oregon,1947,0.000709862
Oregon,1948,0.003612416
Oregon,1949,0.006629111
Oregon,1950,0.000497587
Oregon,1951,0.006159929
Oregon,1952,0.002084066
Oregon,1953,0.005499178
Oregon,1954,0.002406177
Oregon,1955,0.002924983
Oregon,1956,0.001352978
Oregon,1957,0.008784
Oregon,1958,0.005247943
Oregon,1959,0.004466319
Oregon,1960,0.006261142
Oregon,1961,0.003216343
Oregon,1962,0.007687476
Oregon,1963,0.002606295
Oregon,1964,0.004588758
Oregon,1965,0.001858775
Oregon,1966,0.001297239
Oregon,1967,0.000875036
Oregon,1968,0.000306782
Oregon,1969,9.88E-05
Oregon,1970,0.000217559
Oregon,1971,0.000163349
Oregon,1972,9.19E-05
Oregon,1973,0.000197772
Oregon,1974,1.04E-05
Oregon,1975,8.47E-05
Oregon,1976,7.19E-05
Oregon,1977,0.000128906
Oregon,1978,0.000209156
Oregon,1979,2.82E-05
Oregon,1980,7.60E-07
Oregon,1981,1.88E-06
Oregon,1982,7.06E-06
Oregon,1983,3.69E-06
Oregon,1984,0
Oregon,1985,1.82E-06
Oregon,1986,2.54E-06
Oregon,1987,2.96E-05
Oregon,1988,1.29E-05
Oregon,1989,1.46E-05
Oregon,1990,1.37E-05
Oregon,1991,2.85E-05
Oregon,1992,3.08E-06
Oregon,1993,0
Oregon,1994,0
Oregon,1995,9.69E-07
Oregon,1996,3.48E-06
Oregon,1997,9.29E-07
Oregon,1998,0
Oregon,1999,1.49E-06
Oregon,2000,0
Oregon,2001,1.72E-06
Oregon,2002,0
Pennsylvania,1928,0.00602768
Pennsylvania,1929,0.004975001
Pennsylvania,1930,0.003572085
Pennsylvania,1931,0.008236626
Pennsylvania,1932,0.004726924
Pennsylvania,1933,0.003374191
Pennsylvania,1934,0.008495342
Pennsylvania,1935,0.009149779
Pennsylvania,1936,0.002422689
Pennsylvania,1937,0.00389176
Pennsylvania,1938,0.013433366
Pennsylvania,1939,0.001871624
Pennsylvania,1940,0.001486034
Pennsylvania,1941,0.010089384
Pennsylvania,1942,0.003700657
Pennsylvania,1943,0.005306376
Pennsylvania,1944,0.002346153
Pennsylvania,1945,0.001148414
Pennsylvania,1946,0.005914694
Pennsylvania,1947,0.001125825
Pennsylvania,1948,0.003050604
Pennsylvania,1949,0.004826447
Pennsylvania,1950,0.001655742
Pennsylvania,1951,0.002964912
Pennsylvania,1952,0.003531132
Pennsylvania,1953,0.001449977
Pennsylvania,1954,0.003512479
Pennsylvania,1955,0.001707555
Pennsylvania,1956,0.003967686
Pennsylvania,1957,0.001156758
Pennsylvania,1958,0.003041416
Pennsylvania,1959,0.002472721
Pennsylvania,1960,0.000597825
Pennsylvania,1961,0.002261819
Pennsylvania,1962,0.000824034
Pennsylvania,1963,0.001053039
Pennsylvania,1964,0.001014706
Pennsylvania,1965,0.000571989
Pennsylvania,1966,0.000471588
Pennsylvania,1967,6.77E-05
Pennsylvania,1968,2.51E-05
Pennsylvania,1969,0.00010631
Pennsylvania,1970,0.000177888
Pennsylvania,1971,0.000156992
Pennsylvania,1972,5.66E-06
Pennsylvania,1973,3.41E-05
Pennsylvania,1974,7.77E-05
Pennsylvania,1975,4.75E-05
Pennsylvania,1976,0.000285528
Pennsylvania,1977,0.000270915
Pennsylvania,1978,2.75E-05
Pennsylvania,1979,5.31E-06
Pennsylvania,1980,9.50E-05
Pennsylvania,1981,4.33E-05
Pennsylvania,1982,5.91E-07
Pennsylvania,1983,0
Pennsylvania,1984,4.22E-07
Pennsylvania,1985,3.38E-06
Pennsylvania,1986,2.28E-06
Pennsylvania,1987,2.53E-06
Pennsylvania,1988,4.40E-05
Pennsylvania,1989,1.99E-05
Pennsylvania,1990,3.77E-05
Pennsylvania,1991,0.000117762
Pennsylvania,1992,8.38E-07
Pennsylvania,1993,0
Pennsylvania,1994,5.83E-07
Pennsylvania,1995,8.30E-08
Pennsylvania,1996,9.92E-07
Pennsylvania,1997,1.24E-06
Pennsylvania,1998,2.46E-07
Pennsylvania,1999,0
Pennsylvania,2000,0
Pennsylvania,2001,4.87E-07
Pennsylvania,2002,0
Rhode Island,1928,0.007398658
Rhode Island,1929,0.002716889
Rhode Island,1930,0.000391274
Rhode Island,1931,0.006541839
Rhode Island,1932,0.014326709
Rhode Island,1933,9.02E-05
Rhode Island,1934,0.000633864
Rhode Island,1935,0.009601304
Rhode Island,1936,0.003595506
Rhode Island,1937,0.006687274
Rhode Island,1938,0.000356485
Rhode Island,1939,0.004121977
Rhode Island,1940,0.004722813
Rhode Island,1941,0.000587474
Rhode Island,1942,0.006292937
Rhode Island,1943,0.003079699
Rhode Island,1944,0.005763743
Rhode Island,1945,0.000577596
Rhode Island,1946,0.001634516
Rhode Island,1947,0.005141966
Rhode Island,1948,0.00049169
Rhode Island,1949,0.005741171
Rhode Island,1950,0.000304333
Rhode Island,1951,0.001110734
Rhode Island,1952,0.006622927
Rhode Island,1953,0.000621192
Rhode Island,1954,0.002227878
Rhode Island,1955,0.006554489
Rhode Island,1956,0.000226143
Rhode Island,1957,0.000737798
Rhode Island,1958,0.005049177
Rhode Island,1959,0.000361706
Rhode Island,1960,0.002266466
Rhode Island,1961,0.007569755
Rhode Island,1962,0.003760285
Rhode Island,1963,0.001377497
Rhode Island,1964,0.002752756
Rhode Island,1965,0.00437403
Rhode Island,1966,9.59E-05
Rhode Island,1967,6.69E-05
Rhode Island,1968,7.17E-05
Rhode Island,1969,2.87E-05
Rhode Island,1970,0.00011619
Rhode Island,1971,0.000253679
Rhode Island,1972,0.000535887
Rhode Island,1973,0.000679564
Rhode Island,1974,6.52E-05
Rhode Island,1975,5.26E-06
Rhode Island,1976,2.21E-05
Rhode Island,1977,6.75E-05
Rhode Island,1978,8.45E-06
Rhode Island,1979,0.000108843
Rhode Island,1980,2.11E-06
Rhode Island,1981,0
Rhode Island,1982,0
Rhode Island,1983,0
Rhode Island,1984,0
Rhode Island,1985,0
Rhode Island,1986,2.05E-06
Rhode Island,1987,2.04E-06
Rhode Island,1988,0
Rhode Island,1989,3.91E-05
Rhode Island,1990,2.99E-05
Rhode Island,1991,3.96E-06
Rhode Island,1992,2.26E-05
Rhode Island,1993,9.79E-07
Rhode Island,1994,6.82E-06
Rhode Island,1995,4.85E-06
Rhode Island,1996,0
Rhode Island,1997,4.81E-06
Rhode Island,1998,0
Rhode Island,1999,0
Rhode Island,2000,0
Rhode Island,2001,0
Rhode Island,2002,0
South Carolina,1928,0.011473895
South Carolina,1929,0.000121876
South Carolina,1930,0.00014493
South Carolina,1931,0.001904627
South Carolina,1932,0.001813636
South Carolina,1933,0.003563142
South Carolina,1934,0.006274648
South Carolina,1935,0.000453214
South Carolina,1936,0.000471339
South Carolina,1937,0.000970672
South Carolina,1938,0.003683971
South Carolina,1939,0.00060322
South Carolina,1940,0.000325297
South Carolina,1941,0.004926285
South Carolina,1942,0.002258646
South Carolina,1943,0.001543532
South Carolina,1944,0.003568779
South Carolina,1945,0.000763579
South Carolina,1946,0.003429333
South Carolina,1947,0.001577238
South Carolina,1948,0.001165038
South Carolina,1949,0.004394794
South Carolina,1950,0.00090457
South Carolina,1951,0.000346624
South Carolina,1952,0.000822638
South Carolina,1953,0.000886203
South Carolina,1954,0.002489462
South Carolina,1955,0.000519892
South Carolina,1956,0.003754474
South Carolina,1957,0.002441939
South Carolina,1958,0.004655103
South Carolina,1959,0.00082425
South Carolina,1960,0.000538908
South Carolina,1961,0.001370685
South Carolina,1962,0.000384474
South Carolina,1963,0.00096758
South Carolina,1964,0.001632585
South Carolina,1965,0.000511534
South Carolina,1966,0.000266805
South Carolina,1967,0.000206366
South Carolina,1968,1.50E-05
South Carolina,1969,5.32E-05
South Carolina,1970,0.000246283
South Carolina,1971,0.000339127
South Carolina,1972,7.89E-05
South Carolina,1973,2.90E-05
South Carolina,1974,2.09E-05
South Carolina,1975,5.99E-06
South Carolina,1976,1.73E-06
South Carolina,1977,3.42E-05
South Carolina,1978,6.64E-05
South Carolina,1979,3.42E-05
South Carolina,1980,5.13E-05
South Carolina,1981,0
South Carolina,1982,0
South Carolina,1983,0
South Carolina,1984,0
South Carolina,1985,3.01E-07
South Carolina,1986,7.61E-05
South Carolina,1987,5.91E-07
South Carolina,1988,0
South Carolina,1989,5.22E-06
South Carolina,1990,1.15E-06
South Carolina,1991,3.69E-06
South Carolina,1992,8.12E-06
South Carolina,1993,0
South Carolina,1994,0
South Carolina,1995,0
South Carolina,1996,0
South Carolina,1997,5.22E-07
South Carolina,1998,0
South Carolina,1999,0
South Carolina,2000,0
South Carolina,2001,0
South Carolina,2002,0
South Dakota,1928,0.001595291
South Dakota,1929,0.001675207
South Dakota,1930,0.003463958
South Dakota,1931,0.002129639
South Dakota,1932,0.000967526
South Dakota,1933,0.003013077
South Dakota,1934,0.013790809
South Dakota,1935,0.001674415
South Dakota,1936,0.000336177
South Dakota,1937,9.86E-05
South Dakota,1938,0.002111219
South Dakota,1939,0.011693685
South Dakota,1940,0.002536701
South Dakota,1941,0.000589307
South Dakota,1942,0.001323328
South Dakota,1943,0.004676771
South Dakota,1944,0.002296058
South Dakota,1945,0.00091498
South Dakota,1946,0.001743437
South Dakota,1947,0.00204168
South Dakota,1948,0.001330496
South Dakota,1949,0.001529947
South Dakota,1950,0.001029506
South Dakota,1951,0.00106458
South Dakota,1952,0.001143065
South Dakota,1953,0.000671323
South Dakota,1954,0.001210984
South Dakota,1955,0.000628471
South Dakota,1956,0.000861371
South Dakota,1957,0.000802019
South Dakota,1958,0.000178213
South Dakota,1959,0.00126588
South Dakota,1960,0.000176337
South Dakota,1961,0.000222069
South Dakota,1962,0.000667474
South Dakota,1963,0.000131493
South Dakota,1964,0.000102273
South Dakota,1965,0.000172531
South Dakota,1966,5.97E-05
South Dakota,1967,8.68E-05
South Dakota,1968,6.00E-06
South Dakota,1969,7.66E-05
South Dakota,1970,0.000159277
South Dakota,1971,0.000318133
South Dakota,1972,1.80E-05
South Dakota,1973,4.47E-06
South Dakota,1974,4.16E-05
South Dakota,1975,0.000526152
South Dakota,1976,7.35E-06
South Dakota,1977,0.000106848
South Dakota,1978,0
South Dakota,1979,2.90E-06
South Dakota,1980,0
South Dakota,1981,0
South Dakota,1982,0
South Dakota,1983,0
South Dakota,1984,0
South Dakota,1985,0
South Dakota,1986,0
South Dakota,1987,0
South Dakota,1988,0
South Dakota,1989,0
South Dakota,1990,2.30E-05
South Dakota,1991,0
South Dakota,1992,0
South Dakota,1993,0
South Dakota,1994,0
South Dakota,1995,0
South Dakota,1996,0
South Dakota,1997,1.23E-05
South Dakota,1998,0
South Dakota,1999,0
South Dakota,2000,0
South Dakota,2001,0
South Dakota,2002,0
Tennessee,1928,0.0032373
Tennessee,1929,0.000332474
Tennessee,1930,0.00180084
Tennessee,1931,0.001353434
Tennessee,1932,0.000699144
Tennessee,1933,0.001356499
Tennessee,1934,0.006602175
Tennessee,1935,0.000520184
Tennessee,1936,0.000501841
Tennessee,1937,0.00105477
Tennessee,1938,0.00399634
Tennessee,1939,0.001081755
Tennessee,1940,0.000959243
Tennessee,1941,0.002802084
Tennessee,1942,0.001046634
Tennessee,1943,0.001915723
Tennessee,1944,0.001726434
Tennessee,1945,0.000611302
Tennessee,1946,0.00147213
Tennessee,1947,0.000606995
Tennessee,1948,0.001274158
Tennessee,1949,0.002511704
Tennessee,1950,0.001048693
Tennessee,1951,0.000817716
Tennessee,1952,0.002003499
Tennessee,1953,0.000830958
Tennessee,1954,0.004095992
Tennessee,1955,0.001707196
Tennessee,1956,0.006075864
Tennessee,1957,0.004482595
Tennessee,1958,0.007829297
Tennessee,1959,0.002743763
Tennessee,1960,0.005370766
Tennessee,1961,0.004064686
Tennessee,1962,0.006765347
Tennessee,1963,0.001872649
Tennessee,1964,0.006460805
Tennessee,1965,0.002440721
Tennessee,1966,0.003400773
Tennessee,1967,0.000547345
Tennessee,1968,1.70E-05
Tennessee,1969,4.91E-06
Tennessee,1970,0.000139155
Tennessee,1971,0.000254244
Tennessee,1972,4.81E-05
Tennessee,1973,4.00E-05
Tennessee,1974,1.34E-05
Tennessee,1975,4.17E-05
Tennessee,1976,4.88E-05
Tennessee,1977,0.000160232
Tennessee,1978,0.000226836
Tennessee,1979,1.76E-05
Tennessee,1980,3.90E-05
Tennessee,1981,8.63E-07
Tennessee,1982,1.29E-06
Tennessee,1983,2.13E-07
Tennessee,1984,0
Tennessee,1985,0
Tennessee,1986,1.22E-05
Tennessee,1987,0
Tennessee,1988,2.08E-07
Tennessee,1989,2.87E-05
Tennessee,1990,1.97E-05
Tennessee,1991,2.03E-06
Tennessee,1992,0
Tennessee,1993,0
Tennessee,1994,5.25E-06
Tennessee,1995,0
Tennessee,1996,3.76E-07
Tennessee,1997,5.54E-07
Tennessee,1998,0
Tennessee,1999,0
Tennessee,2000,0
Tennessee,2001,0
Tennessee,2002,0
Texas,1928,0.000983475
Texas,1929,0.000717194
Texas,1930,0.000733941
Texas,1931,0.000395319
Texas,1932,0.000763078
Texas,1933,0.003596725
Texas,1934,0.004871317
Texas,1935,0.000638337
Texas,1936,0.001255746
Texas,1937,0.002354963
Texas,1938,0.000955587
Texas,1939,0.001162621
Texas,1940,0.002503576
Texas,1941,0.003126577
Texas,1942,0.005271051
Texas,1943,0.002446787
Texas,1944,0.005477965
Texas,1945,0.001859618
Texas,1946,0.004175699
Texas,1947,0.001121001
Texas,1948,0.006038805
Texas,1949,0.007579129
Texas,1950,0.001771191
Texas,1951,0.008313124
Texas,1952,0.002916854
Texas,1953,0.008931217
Texas,1954,0.008976795
Texas,1955,0.004559513
Texas,1956,0.007535081
Texas,1957,0.004733331
Texas,1958,0.008917744
Texas,1959,0.003604805
Texas,1960,0.005185769
Texas,1961,0.001654173
Texas,1962,0.006765501
Texas,1963,0.00166374
Texas,1964,0.00386627
Texas,1965,0.002858753
Texas,1966,0.00240456
Texas,1967,0.001249774
Texas,1968,0.000476539
Texas,1969,0.000451188
Texas,1970,0.000743699
Texas,1971,0.000796023
Texas,1972,0.000135282
Texas,1973,4.17E-05
Texas,1974,1.46E-05
Texas,1975,2.23E-05
Texas,1976,2.03E-05
Texas,1977,0.000142551
Texas,1978,7.71E-05
Texas,1979,4.66E-05
Texas,1980,1.38E-05
Texas,1981,6.36E-05
Texas,1982,1.18E-05
Texas,1983,2.45E-06
Texas,1984,3.54E-05
Texas,1985,2.71E-05
Texas,1986,2.34E-05
Texas,1987,2.58E-05
Texas,1988,8.53E-07
Texas,1989,0.00018749
Texas,1990,0.000229476
Texas,1991,1.24E-05
Texas,1992,5.68E-05
Texas,1993,5.55E-07
Texas,1994,8.71E-07
Texas,1995,6.93E-07
Texas,1996,1.41E-06
Texas,1997,4.60E-07
Texas,1998,0
Texas,1999,3.43E-07
Texas,2000,0
Texas,2001,0
Texas,2002,4.61E-08
Utah,1928,0.000170437
Utah,1929,0.000695095
Utah,1930,0.010471658
Utah,1931,0.000299031
Utah,1932,0.000139787
Utah,1933,0.004034514
Utah,1934,0.021871746
Utah,1935,0.00050308
Utah,1936,0.001175206
Utah,1937,0.003941096
Utah,1938,0.018013258
Utah,1939,0.010021626
Utah,1940,0.013685014
Utah,1941,0.002774615
Utah,1942,0.026197154
Utah,1943,0.013195714
Utah,1944,0.002054055
Utah,1945,0.007289642
Utah,1946,0.012817947
Utah,1947,0.000994709
Utah,1948,0.009121421
Utah,1949,0.005272686
Utah,1950,0.008882766
Utah,1951,0.003302631
Utah,1952,0.006485132
Utah,1953,0.007642068
Utah,1954,0.010154095
Utah,1955,0.000998315
Utah,1956,0.002826091
Utah,1957,0.017326572
Utah,1958,0.004538803
Utah,1959,0.006685297
Utah,1960,0.005575847
Utah,1961,0.001854338
Utah,1962,0.00447822
Utah,1963,0.003294347
Utah,1964,0.002688481
Utah,1965,0.004594925
Utah,1966,0.000704078
Utah,1967,0.000387506
Utah,1968,2.07E-05
Utah,1969,1.06E-05
Utah,1970,3.68E-05
Utah,1971,0.000313058
Utah,1972,0.000142416
Utah,1973,0.000111076
Utah,1974,1.25E-05
Utah,1975,0.00028502
Utah,1976,0.001702859
Utah,1977,1.80E-05
Utah,1978,3.33E-05
Utah,1979,1.55E-05
Utah,1980,3.08E-05
Utah,1981,0
Utah,1982,1.97E-06
Utah,1983,6.44E-06
Utah,1984,1.78E-05
Utah,1985,0
Utah,1986,8.02E-06
Utah,1987,0
Utah,1988,0
Utah,1989,7.03E-05
Utah,1990,8.53E-05
Utah,1991,0.000125123
Utah,1992,0
Utah,1993,0
Utah,1994,8.09E-05
Utah,1995,0
Utah,1996,5.95E-05
Utah,1997,4.86E-07
Utah,1998,0
Utah,1999,9.20E-07
Utah,2000,1.34E-06
Utah,2001,0
Utah,2002,0
Vermont,1928,0.003343568
Vermont,1929,0.001052262
Vermont,1930,0.002369227
Vermont,1931,0.003177542
Vermont,1932,0.011410535
Vermont,1933,0.0031061
Vermont,1934,0.003786306
Vermont,1935,0.003876715
Vermont,1936,0.029644269
Vermont,1937,0.00287638
Vermont,1938,0.016434501
Vermont,1939,0.010287165
Vermont,1940,0.002449677
Vermont,1941,0.003715523
Vermont,1942,0.010160293
Vermont,1943,0.020895711
Vermont,1944,0.006455458
Vermont,1945,0.001543919
Vermont,1946,0.007938288
Vermont,1947,0.012828984
Vermont,1948,0.00390554
Vermont,1949,0.016786685
Vermont,1950,0.001580423
Vermont,1951,0.011281201
Vermont,1952,0.013810024
Vermont,1953,0.001484451
Vermont,1954,0.007516726
Vermont,1955,0.01860263
Vermont,1956,0.003356502
Vermont,1957,0.007456855
Vermont,1958,0.005415055
Vermont,1959,0.005251092
Vermont,1960,0.008912976
Vermont,1961,0.002935655
Vermont,1962,0.005131357
Vermont,1963,0.004013033
Vermont,1964,0.005857996
Vermont,1965,0.00353688
Vermont,1966,0.000782568
Vermont,1967,9.90E-05
Vermont,1968,1.86E-05
Vermont,1969,6.86E-06
Vermont,1970,2.03E-05
Vermont,1971,0.000272553
Vermont,1972,0.000174568
Vermont,1973,0.000260071
Vermont,1974,0.000120709
Vermont,1975,0.000154456
Vermont,1976,0.000347808
Vermont,1977,0.00047709
Vermont,1978,0.000106196
Vermont,1979,0.000235464
Vermont,1980,0.000422324
Vermont,1981,3.87E-06
Vermont,1982,3.83E-06
Vermont,1983,0
Vermont,1984,7.50E-06
Vermont,1985,0
Vermont,1986,0
Vermont,1987,4.01E-05
Vermont,1988,0
Vermont,1989,1.79E-06
Vermont,1990,0
Vermont,1991,7.05E-06
Vermont,1992,0
Vermont,1993,5.36E-05
Vermont,1994,1.72E-06
Vermont,1995,0
Vermont,1996,1.69E-06
Vermont,1997,9.88E-05
Vermont,1998,0
Vermont,1999,0
Vermont,2000,1.64E-06
Vermont,2001,1.63E-06
Vermont,2002,0
Virginia,1928,0
Virginia,1929,0
Virginia,1930,0
Virginia,1931,0
Virginia,1932,0.000534513
Virginia,1933,0.003510425
Virginia,1934,0.011586341
Virginia,1935,0.007309173
Virginia,1936,0.001287987
Virginia,1937,0.003409866
Virginia,1938,0.00483626
Virginia,1939,0.003996478
Virginia,1940,0.002072618
Virginia,1941,0.010841422
Virginia,1942,0.001941651
Virginia,1943,0.003764114
Virginia,1944,0.005324318
Virginia,1945,0.000693795
Virginia,1946,0.004083865
Virginia,1947,0.002497024
Virginia,1948,0.001931505
Virginia,1949,0.006581854
Virginia,1950,0.000853351
Virginia,1951,0.004142733
Virginia,1952,0.003820126
Virginia,1953,0.00140368
Virginia,1954,0.006676746
Virginia,1955,0.001180739
Virginia,1956,0.006359441
Virginia,1957,0.001309683
Virginia,1958,0.005608351
Virginia,1959,0.003536171
Virginia,1960,0.001864405
Virginia,1961,0.002903873
Virginia,1962,0.002356945
Virginia,1963,0.001770857
Virginia,1964,0.002827947
Virginia,1965,0.000956894
Virginia,1966,0.000516064
Virginia,1967,0.000528271
Virginia,1968,9.60E-05
Virginia,1969,0.000203949
Virginia,1970,0.000530494
Virginia,1971,0.000331363
Virginia,1972,1.61E-05
Virginia,1973,8.96E-05
Virginia,1974,8.74E-06
Virginia,1975,8.62E-06
Virginia,1976,0.000169231
Virginia,1977,0.000521828
Virginia,1978,0.000509296
Virginia,1979,6.07E-05
Virginia,1980,6.70E-05
Virginia,1981,2.40E-06
Virginia,1982,1.45E-06
Virginia,1983,3.76E-06
Virginia,1984,7.06E-07
Virginia,1985,4.87E-06
Virginia,1986,8.74E-06
Virginia,1987,1.69E-07
Virginia,1988,3.53E-05
Virginia,1989,4.10E-06
Virginia,1990,1.21E-05
Virginia,1991,3.35E-06
Virginia,1992,2.36E-06
Virginia,1993,0
Virginia,1994,3.06E-07
Virginia,1995,0
Virginia,1996,1.49E-07
Virginia,1997,2.94E-07
Virginia,1998,0
Virginia,1999,2.58E-06
Virginia,2000,2.83E-07
Virginia,2001,1.39E-07
Virginia,2002,0
Washington,1928,0.003513292
Washington,1929,0.002503607
Washington,1930,0.006334927
Washington,1931,0.001976308
Washington,1932,0.006285907
Washington,1933,0.001547023
Washington,1934,0.004724323
Washington,1935,0.005264019
Washington,1936,0.004675377
Washington,1937,0.001049061
Washington,1938,0.001138751
Washington,1939,0.011668478
Washington,1940,0.009218456
Washington,1941,0.001190049
Washington,1942,0.006715727
Washington,1943,0.008228496
Washington,1944,0.002835735
Washington,1945,0.003192326
Washington,1946,0.00562912
Washington,1947,0.000653584
Washington,1948,0.004863032
Washington,1949,0.005474676
Washington,1950,0.001430876
Washington,1951,0.007276883
Washington,1952,0.00238822
Washington,1953,0.004567794
Washington,1954,0.008288241
Washington,1955,0.004179534
Washington,1956,0.004772927
Washington,1957,0.006127193
Washington,1958,0.003844556
Washington,1959,0.005142177
Washington,1960,0.004564326
Washington,1961,0.002997442
Washington,1962,0.007035057
Washington,1963,0.001647661
Washington,1964,0.006558643
Washington,1965,0.002446878
Washington,1966,0.001613798
Washington,1967,0.00176518
Washington,1968,0.000182372
Washington,1969,1.68E-05
Washington,1970,0.000198875
Washington,1971,0.000328413
Washington,1972,0.000278243
Washington,1973,0.000245392
Washington,1974,2.14E-05
Washington,1975,7.97E-05
Washington,1976,0.00010081
Washington,1977,0.000122921
Washington,1978,0.000107601
Washington,1979,0.000255902
Washington,1980,4.19E-05
Washington,1981,9.52E-07
Washington,1982,8.66E-06
Washington,1983,7.14E-06
Washington,1984,3.90E-05
Washington,1985,1.99E-05
Washington,1986,4.70E-05
Washington,1987,1.04E-05
Washington,1988,1.49E-06
Washington,1989,1.09E-05
Washington,1990,6.76E-05
Washington,1991,1.55E-05
Washington,1992,0
Washington,1993,0
Washington,1994,0
Washington,1995,3.92E-06
Washington,1996,9.32E-06
Washington,1997,2.69E-06
Washington,1998,0
Washington,1999,0
Washington,2000,0
Washington,2001,0
Washington,2002,0
West Virginia,1928,0.0019777
West Virginia,1929,0.00382719
West Virginia,1930,0.001580495
West Virginia,1931,0.002894979
West Virginia,1932,0.005912581
West Virginia,1933,0.00296778
West Virginia,1934,0.002269517
West Virginia,1935,0.005954279
West Virginia,1936,0.000621205
West Virginia,1937,0.00107432
West Virginia,1938,0.005812407
West Virginia,1939,0.000983602
West Virginia,1940,0.000301792
West Virginia,1941,0.005823372
West Virginia,1942,0.002879075
West Virginia,1943,0.001196432
West Virginia,1944,0.004325164
West Virginia,1945,0.000689319
West Virginia,1946,0.001293286
West Virginia,1947,0.00135603
West Virginia,1948,0.002803472
West Virginia,1949,0.001813809
West Virginia,1950,0.00293236
West Virginia,1951,0.002251911
West Virginia,1952,0.002650303
West Virginia,1953,0.003007267
West Virginia,1954,0.004943363
West Virginia,1955,0.001960209
West Virginia,1956,0.005615634
West Virginia,1957,0.001773845
West Virginia,1958,0.006371525
West Virginia,1959,0.004005207
West Virginia,1960,0.001896345
West Virginia,1961,0.004265429
West Virginia,1962,0.005487094
West Virginia,1963,0.006960238
West Virginia,1964,0.005241991
West Virginia,1965,0.008439451
West Virginia,1966,0.003180379
West Virginia,1967,0.000859456
West Virginia,1968,0.000208484
West Virginia,1969,0.000139297
West Virginia,1970,0.000200087
West Virginia,1971,0.00032715
West Virginia,1972,0.000157057
West Virginia,1973,0.000125601
West Virginia,1974,0.000128218
West Virginia,1975,0.000118792
West Virginia,1976,0.000112845
West Virginia,1977,0.000140265
West Virginia,1978,0.000459783
West Virginia,1979,4.59E-05
West Virginia,1980,1.80E-05
West Virginia,1981,6.15E-06
West Virginia,1982,1.03E-06
West Virginia,1983,5.18E-07
West Virginia,1984,0
West Virginia,1985,2.48E-05
West Virginia,1986,1.07E-06
West Virginia,1987,0
West Virginia,1988,3.28E-06
West Virginia,1989,2.93E-05
West Virginia,1990,3.35E-06
West Virginia,1991,0
West Virginia,1992,0
West Virginia,1993,0
West Virginia,1994,2.03E-05
West Virginia,1995,0
West Virginia,1996,0
West Virginia,1997,5.60E-07
West Virginia,1998,0
West Virginia,1999,0
West Virginia,2000,0
West Virginia,2001,0
West Virginia,2002,0
Wisconsin,1928,0.001262088
Wisconsin,1929,0.010237795
Wisconsin,1930,0.007513425
Wisconsin,1931,0.005111946
Wisconsin,1932,0.009465681
Wisconsin,1933,0.003210909
Wisconsin,1934,0.013455355
Wisconsin,1935,0.014274812
Wisconsin,1936,0.001273542
Wisconsin,1937,0.000667104
Wisconsin,1938,0.023475274
Wisconsin,1939,0.007689838
Wisconsin,1940,0.006376556
Wisconsin,1941,0.009872485
Wisconsin,1942,0.00750342
Wisconsin,1943,0.012135283
Wisconsin,1944,0.012984602
Wisconsin,1945,0.001504373
Wisconsin,1946,0.012841206
Wisconsin,1947,0.003749492
Wisconsin,1948,0.00914466
Wisconsin,1949,0.011700662
Wisconsin,1950,0.005472584
Wisconsin,1951,0.009472541
Wisconsin,1952,0.011229255
Wisconsin,1953,0.011447303
Wisconsin,1954,0.002882198
Wisconsin,1955,0.013894712
Wisconsin,1956,0.007176286
Wisconsin,1957,0.009818129
Wisconsin,1958,0.016656829
Wisconsin,1959,0.003841552
Wisconsin,1960,0.010929513
Wisconsin,1961,0.009338651
Wisconsin,1962,0.003646456
Wisconsin,1963,0.014147346
Wisconsin,1964,0.003711246
Wisconsin,1965,0.0048544
Wisconsin,1966,0.007402443
Wisconsin,1967,0.000496246
Wisconsin,1968,0.00031911
Wisconsin,1969,0.000153258
Wisconsin,1970,0.000313283
Wisconsin,1971,0.000884747
Wisconsin,1972,0.000769231
Wisconsin,1973,0.000300732
Wisconsin,1974,0.000139761
Wisconsin,1975,0.000320841
Wisconsin,1976,0.00088735
Wisconsin,1977,0.000453912
Wisconsin,1978,0.000333726
Wisconsin,1979,0.000138047
Wisconsin,1980,0.000314295
Wisconsin,1981,1.27E-06
Wisconsin,1982,2.11E-07
Wisconsin,1983,0
Wisconsin,1984,6.72E-06
Wisconsin,1985,1.21E-05
Wisconsin,1986,5.82E-05
Wisconsin,1987,3.03E-05
Wisconsin,1988,0
Wisconsin,1989,6.50E-05
Wisconsin,1990,0.000134307
Wisconsin,1991,1.42E-06
Wisconsin,1992,0
Wisconsin,1993,0
Wisconsin,1994,3.95E-07
Wisconsin,1995,0
Wisconsin,1996,1.94E-07
Wisconsin,1997,0
Wisconsin,1998,0
Wisconsin,1999,0
Wisconsin,2000,0
Wisconsin,2001,0
Wisconsin,2002,0
Wyoming,1928,0.00226885
Wyoming,1929,0.003120852
Wyoming,1930,0.003422517
Wyoming,1931,0.000609545
Wyoming,1932,0.002416926
Wyoming,1933,0.002460865
Wyoming,1934,0.009582396
Wyoming,1935,0.00933018
Wyoming,1936,0.000574878
Wyoming,1937,0.000700878
Wyoming,1938,0.003626366
Wyoming,1939,0.013950918
Wyoming,1940,0.003948282
Wyoming,1941,0.003719537
Wyoming,1942,0.006209199
Wyoming,1943,0.010331086
Wyoming,1944,0.006675123
Wyoming,1945,0.001406926
Wyoming,1946,0.003716666
Wyoming,1947,0.001592489
Wyoming,1948,0.007717154
Wyoming,1949,0.001954165
Wyoming,1950,0.002096176
Wyoming,1951,0.007415197
Wyoming,1952,0.002261835
Wyoming,1953,0.004709376
Wyoming,1954,0.003684471
Wyoming,1955,0.001753942
Wyoming,1956,0.006231238
Wyoming,1957,0.000671749
Wyoming,1958,0.004168881
Wyoming,1959,0.002732829
Wyoming,1960,0.00210261
Wyoming,1961,0.001468571
Wyoming,1962,0.001450503
Wyoming,1963,0.001008429
Wyoming,1964,0.000882055
Wyoming,1965,0.002328408
Wyoming,1966,0.00073089
Wyoming,1967,0.000643665
Wyoming,1968,0.000170202
Wyoming,1969,2.45E-05
Wyoming,1970,3.31E-05
Wyoming,1971,0.000249278
Wyoming,1972,0.000144853
Wyoming,1973,0.000197093
Wyoming,1974,4.47E-05
Wyoming,1975,7.57E-06
Wyoming,1976,9.68E-06
Wyoming,1977,5.82E-05
Wyoming,1978,0
Wyoming,1979,4.36E-06
Wyoming,1980,0
Wyoming,1981,2.10E-06
Wyoming,1982,0
Wyoming,1983,0
Wyoming,1984,0
Wyoming,1985,1.05E-05
Wyoming,1986,0
Wyoming,1987,0
Wyoming,1988,0
Wyoming,1989,0
Wyoming,1990,0
Wyoming,1991,6.63E-06
Wyoming,1992,2.21E-06
Wyoming,1993,0
Wyoming,1994,0
Wyoming,1995,0
Wyoming,1996,2.14E-06
Wyoming,1997,6.34E-06
Wyoming,1998,0
Wyoming,1999,0
Wyoming,2000,0
Wyoming,2001,0
Wyoming,2002,0
